id,name,description,image_url,width,height,prompt,boxes,public,created_by,created_at,updated_at,deleted_at
0510c929-d3a0-4144-b16e-d3c1ccb5e0c3,Dude with Sign,"Dude With Sign is an image series of a man holding up a cardboard sign calling for people to stop doing specific everyday annoying things. The photo series, which began on Instagram in October 2019 sparked various parodies, edits and parody accounts on Instagram and Reddit.",https://r2.timesurgelabs.com/templates/205032d4-863c-4e68-bef6-3b64d220f5b6.jpg,474,474,"You are a masterful meme maker. The “Dude With Sign” is considered a funny meme because it humorously addresses everyday annoyances and frustrations in a relatable way. Seth Phillips, the creator of the Instagram account @dudewithsign, holds up cardboard signs with witty and sarcastic messages that resonate with many people. The humor comes from the unexpectedness of seeing someone protest mundane issues in public, the clever wording of the signs, and the relatable nature of the complaints. This combination of elements makes the “Dude With Sign” both entertaining and cathartic for viewers.
You give the 1 texts in json form.
e.g.
{{""text1"": ""Stop \""replying-all\"" to company wide emails""}}
OR
{{""text1"": ""\""See you next year\"" isnt a funny joke""}}
Give me the 1 texts of this meme for something related to ","[{""h"":172,""w"":145,""x"":194,""y"":46,""font"":""arial"",""color"":""white"",""border"":""white""}]",true,,2025-01-19 15:56:43.41048+00,2025-01-19 15:56:43.41048+00,
0646761e-e461-4079-a332-f733d35be099,Sure Grandma Let's Get You To Bed,"Sure, Grandma, Let's Get You To Bed is an object labeling image macro meme. In the meme, an elderly woman using a walker is labeled with an opinion or activity no longer enjoyed. A younger woman in blue aids her and is always labeled ""sure grandma let's get you to bed."" The meme went viral on Twitter in September 2020.",https://r2.timesurgelabs.com/templates/a78aa65a-4656-4bd7-bef9-2467992753aa.jpg,427,381,"You are a masterful meme maker. The ""Sure Grandma, Let's Get You To Bed"" meme is funny because it plays on the idea of an older generation being out of touch with current events or trends, often labeled with absurd or outdated opinions, while the younger generation dismisses these views with a polite but uninterested response.
 The humor arises from the relatable scenario of dealing with older relatives who may share exaggerated or false information, which the younger person brushes off by suggesting the older person needs rest.
 This meme format can be applied to various situations, making it versatile and widely applicable.
You give the 2 texts in json form.
e.g.
{{""text1"": ""I remember when multiple youtube ads at once didn't exist"", ""text2"": ""Sure Grandma, let's get you to bed.""}}
OR
{{""text1"": ""I remember in my time, you could get a mcdonalds burger combo for 35 cents"", ""text2"": ""Sure Grandma, lets get you to bed.""}}
Give me the 2 texts of this meme for something related to ","[{""h"":148,""w"":247,""x"":8,""y"":178,""font"":""impact"",""color"":""white"",""border"":""black""},{""h"":58,""w"":190,""x"":235,""y"":99,""font"":""impact"",""color"":""white"",""border"":""black""}]",true,,2025-03-28 17:09:30.860505+00,2025-03-28 17:09:30.860505+00,
064cd509-1834-478f-be99-8d1cbf804140,Finding Neverland,"Finding Neverland is an image macro series featuring three screen captured panels depicting a conversation between the characters Barrie (played by Johnny Depp) and Peter (played by Freddie Highmore) in the 2004 drama film Finding Neverland.[1] The first panel features a teary eyed Peter announcing why he's upset, followed by a panel of Barrie looking at him sympathetically and a final panel in which the two embrace.",https://r2.timesurgelabs.com/templates/0a92bdce-88f2-489d-875a-cbc4f7054a2f.jpg,423,600,"You are a masterful meme maker. The Finding Neverland meme is a humorous image macro series that features three screen-captured panels from the 2004 drama film Finding Neverland. The meme typically depicts a conversation between the characters Barrie and Peter, with the first panel showing Peter announcing why he’s upset, the second panel showing Barrie looking at him sympathetically, and the third panel showing the two embracing.

Unexpected Twist: The humor in the Finding Neverland meme often comes from the unexpected twist or punchline in the third panel, which subverts the emotional expectation set up in the first two panels. This unexpected twist can be a play on words, a silly situation, or a relatable joke.
Relatable Situations: The meme is also funny because it often depicts relatable situations or emotions, such as feeling upset or seeking comfort. The use of a serious drama film like Finding Neverland to convey humorous or mundane situations adds to the comedic effect.
Absurdity and Irony: The Finding Neverland meme can be absurd or ironic, using a serious film to convey a humorous or ridiculous message. This absurdity and irony can create a comedic effect, making the meme funny and entertaining.
Creative Expression: The meme generator allows users to create their own custom memes using the Finding Neverland template, which can lead to a wide range of creative and humorous expressions. The ability to add custom text, images, and effects to the meme template makes it a versatile and entertaining tool for creating humor.
You give the 2 texts in json form.
e.g.
{{""text1"": ""Is it True? Is Minecraft really dying?"", ""text2"": ""Yes, son. yes it is.""}}
OR
{{""text1"": ""Dad I'm hungry"", ""text2"": ""Hi Hungry, Im dad!""}}
Give me the 2 texts of this meme for something related to ","[{""h"":59,""w"":368,""x"":35,""y"":135,""font"":""impact"",""color"":""white"",""border"":""black""},{""h"":58,""w"":398,""x"":17,""y"":350,""font"":""impact"",""color"":""white"",""border"":""black""}]",true,,2024-12-23 03:14:44.346466+00,2024-12-23 03:14:44.346466+00,
0673850a-a9d1-4332-9cb5-8cf6385bcbad,Hide The Pain Harold,"Hide The Pain Harold, also simply referred to as ""Harold"" or ""Maurice"" is the nickname given to a senior stock photography model whose facial expression appears to indicate suppressed pain and/or discomfort. The humor in the Hide the Pain Harold meme comes from the contrast between the man’s smile and the emotions he is supposed to be feeling. The smile appears to be fake or forced, which creates a comedic effect.",https://r2.timesurgelabs.com/templates/0c4dd673-8d47-4b84-9c0c-4383b382bf97.jpg,466,500,"You are a masterful meme maker. Hide The Pain Harold, also simply referred to as ""Harold"" or ""Maurice"" is the nickname given to a senior stock photography model whose facial expression appears to indicate suppressed pain and/or discomfort. The humor in the Hide the Pain Harold meme comes from the contrast between the man’s smile and the emotions he is supposed to be feeling. The smile appears to be fake or forced, which creates a comedic effect.
You give the 1 texts in json form.
e.g.
{{""text1"": ""I did some financial planning and it looks like I can retire at 97 and live comfortably for eleven minutes""}}
OR
{{""text1"": ""When you tell your parents a funny story and it turns into a life lecture""}}
Give me the 1 texts of this meme for something related to ","[{""h"":124,""w"":434,""x"":17,""y"":12,""font"":""impact"",""color"":""white"",""border"":""black""}]",true,,2024-12-16 02:51:37.480701+00,2024-12-16 02:51:37.480701+00,
06ebe965-3078-49ee-aa58-4b8657c1c3d5,Spongebob Rainbow,"The image description for the SpongeBob Rainbow meme typically shows SpongeBob with a rainbow cast between his hands, smiling brightly. This image often serves as a template for creating memes where users can add ironic or humorous text captions across the rainbow.",https://r2.timesurgelabs.com/templates/0a5e71af-4e82-41a8-8c9c-54d270a9ccae.jpg,620,465,"You are a masterful meme maker. The image description for the SpongeBob Rainbow meme typically shows SpongeBob with a rainbow cast between his hands, smiling brightly. This image often serves as a template for creating memes where users can add ironic or humorous text captions across the rainbow.
You give the 1 texts in json form.
e.g.
{{""text1"": ""Companies During June""}}
OR
{{""text1"": ""The Consequences of your own actions""}}
Give me the 1 texts of this meme for something related to ","[{""h"":143,""w"":582,""x"":23,""y"":37,""font"":""impact"",""color"":""white"",""border"":""black""}]",true,,2025-03-28 17:35:21.788861+00,2025-03-28 17:35:21.788861+00,
07dcb5d2-c43c-41da-8737-1684dc889c66,"This Is Brilliant. But I Like ","This Is Brilliant. But I Like This a memorable quote uttered by host Jeremy Clarkson on a 2014 episode of Top Gear. Online, a screen-capture from the scene has been used in object label image macros featuring the quote to express appreciation for one thing over another. a memorable quote uttered by host Jeremy Clarkson on a 2014 episode of Top Gear. Online, a screen-capture from the scene has been used in object label image macros featuring the quote to express appreciation for one thing over another.",https://r2.timesurgelabs.com/templates/6287cd6e-c322-4e3b-a660-e7914f1e3bb5.jpg,500,516,"You are a masterful meme maker. This Is Brilliant. But I Like This a memorable quote uttered by host Jeremy Clarkson on a 2014 episode of Top Gear. Online, a screen-capture from the scene has been used in object label image macros featuring the quote to express appreciation for one thing over another. The first text is an object or idea that the creator of the meme generally appreciates or holds in high regard, however the second text is an object or idea that the creator prefers and chooses over the first text even if both are liked by the creator.
You give the 2 texts in json form.
e.g.
{{""text1"": ""Linux"", ""text2"": ""macOS""}}
OR
{{""text1"": ""High quality Indie Games"", ""text2"": ""Yearly Call of Duty""}}
Give me the 2 texts of this meme for something related to ","[{""h"":128,""w"":201,""x"":279,""y"":90,""font"":""impact"",""color"":""white"",""border"":""black""},{""h"":137,""w"":169,""x"":19,""y"":318,""font"":""impact"",""color"":""white"",""border"":""black""}]",true,,2024-11-25 07:31:00.305393+00,2024-11-25 07:31:00.305393+00,
0b0ae723-080f-4d29-91d0-88f5886eeeab,Confession Bear,"Confession Bear is an advice animal image macro series featuring a photo of a Malayan sun bear leaning against a log. The images are captioned with confessions about taboo behaviors and controversial opinions that are often kept secret for fear of being ostracized. The meme is funny because it combines absurd and relatable confessions with a cute and innocent-looking bear, creating a humorous contrast between the bear’s appearance and the shocking or embarrassing nature of the confessions.",https://r2.timesurgelabs.com/templates/91ff29e9-0b31-4610-b695-b4906800fdec.jpg,500,521,"You are a masterful meme maker. Confession Bear is an advice animal image macro series featuring a photo of a Malayan sun bear leaning against a log. The images are captioned with confessions about taboo behaviors and controversial opinions that are often kept secret for fear of being ostracized. The meme is funny because it combines absurd and relatable confessions with a cute and innocent-looking bear, creating a humorous contrast between the bear’s appearance and the shocking or embarrassing nature of the confessions.
You give the 2 texts in json form.
e.g.
{{""text1"": ""I'VE NEVER PLAYED A VIDEO GAME"", ""text2"": ""WITHOUT IT SET TO EASY MODE""}}
OR
{{""text1"": ""I DON'T REALLY HAVE WORK TO DO"", ""text2"": ""I'M JUST HIDING FROM MY FAMILY""}}
Give me the 2 texts of this meme for something related to ","[{""h"":91,""w"":457,""x"":17,""y"":14,""font"":""impact"",""color"":""white"",""border"":""black""},{""h"":138,""w"":340,""x"":117,""y"":373,""font"":""impact"",""color"":""white"",""border"":""black""}]",true,,2024-12-16 03:14:54.185546+00,2024-12-16 03:14:54.185546+00,
0dfbd9a5-8072-4bc2-90ee-3d7f980540f0,Bigger is Better,"Popular on Reddit. Similar to ""but I like this"".",https://r2.timesurgelabs.com/templates/78268e59-14ff-42af-b634-64bf4649de2a.jpg,1548,1536,"You are a masterful meme maker. This is a comparison meme. The first text should be something that is considered good, however the second text should be an item that is perceived to be even better than the first thing.
You give the 2 texts in json form.
e.g.
{{""text1"": ""Ubuntu"", ""text2"": ""Arch Linux""}}
OR
{{""text1"": ""$4.99 shipping"", ""text2"": ""Free shipping""}}
Give me the 2 texts of this meme for something related to ","[{""h"":638,""w"":684,""x"":820,""y"":206,""font"":""impact"",""color"":""white"",""border"":""black""},{""h"":638,""w"":720,""x"":72,""y"":208,""font"":""impact"",""color"":""white"",""border"":""black""}]",true,,2024-11-25 07:22:25.253454+00,2024-11-25 07:22:25.253454+00,
15e29e7e-5fec-4f06-8fff-9c1f36095a08,Evil Plotting Raccoon,"Evil Plotting Raccoon is an advice animal image macro of a raccoon grimacing with its paws together in front of it. The image includes accompanying text that aligns with the raccoon's character. This raccoon is evil, so the top text will reflect something that happens, and then an evil response text is at the bottom. ",https://r2.timesurgelabs.com/templates/d5f54932-ef24-4910-a7b1-e828bc1a45c6.jpg,611,408,"You are a masterful meme maker. Evil Plotting Raccoon is an advice animal image macro of a raccoon grimacing with its paws together in front of it. The image includes accompanying text that aligns with the raccoon's character. This raccoon is evil, so the top text will reflect something that happens, and then an evil response text is at the bottom. 
You give the 2 texts in json form.
e.g.
{{""text1"": ""I'LL POST THE ANSWER KEY ONLINE"", ""text2"": ""WITH ALL WRONG ANSWERS""}}
OR
{{""text1"": ""EATS AT FANCY RESTURANT WITH FRIENDS."", ""text2"": ""LEAVES EARLY TO AVOID THE BILL""}}
Give me the 2 texts of this meme for something related to ","[{""h"":78,""w"":581,""x"":19,""y"":14,""font"":""impact"",""color"":""white"",""border"":""black""},{""h"":98,""w"":565,""x"":32,""y"":306,""font"":""impact"",""color"":""white"",""border"":""black""}]",true,,2024-12-16 01:36:05.961096+00,2024-12-16 01:36:05.961096+00,
17cbb060-24ef-4b78-b7cc-08775e787653,Kombucha Girl / Trying Kombucha for the First Time,"Trying Kombucha for the First Time, also known as Kombucha Girl and Woman Drinking Kombucha, is a reaction video in which TikTok user @brittanyt445 (Brittany Tomlinson) takes a sip of kombucha before having a mixed reaction to the taste of the fermented beverage, appearing to flip-flop between disgust and appreciation.",https://r2.timesurgelabs.com/templates/743dd18e-055e-4da9-9f32-574067df7808.jpg,529,452,"You are a masterful meme maker. The Kombucha Girl meme is funny because it captures a relatable and exaggerated emotional journey. In the video, Brittany Broski tries kombucha for the first time and goes through a series of facial expressions that range from disgust to contemplation, and back to disgust. This sequence of reactions mirrors the experience many people have when trying something new or unfamiliar, making it universally relatable and amusing.

The meme’s humor also stems from the exaggerated and dramatic nature of Broski’s expressions, which are amplified for comedic effect. Her face whips back and forth between different emotions, creating a visual punchline that resonates with viewers. Additionally, the meme’s versatility allows it to be applied to various scenarios, from minor inconveniences to significant life decisions, further enhancing its appeal and relatability.
You give the 2 texts in json form.
e.g.
{{""text1"": ""Artificial Intelligence (AI)"", ""text2"": ""Plagiarized Information Synthesis System (PISS)""}}
OR
{{""text1"": ""Crying in the bathroom at work"", ""text2"": ""Realizing you're being paid to cry""}}
Give me the 2 texts of this meme for something related to ","[{""h"":162,""w"":246,""x"":11,""y"":8,""font"":""impact"",""color"":""white"",""border"":""black""},{""h"":159,""w"":237,""x"":282,""y"":10,""font"":""impact"",""color"":""white"",""border"":""black""}]",true,,2025-01-19 15:34:03.608476+00,2025-01-19 15:34:03.608476+00,
186f8105-9ce1-4ef8-a6d2-5c59e35ab32b,Spiderman Pointing at Spiderman,"The ""Spider-Man Pointing at Spider-Man"" meme originates from a 1967 Spider-Man cartoon episode titled ""Double Identity."" In this episode, two Spider-Men in identical costumes point at each other, accusing one another of being an impostor. This iconic image has been widely used since 2011, often with captions like ""No U"" or ""Ha! Look at that loser,"" and it has been referenced in various Spider-Man media, including the live-action films ""Spider-Man: No Way Home"" and ""Spider-Man: Across the Spider-Verse"".

The meme has been recreated in different contexts, such as in a photoshoot during the production of ""Spider-Man: No Way Home,"" where actors Tom Holland, Andrew Garfield, and Tobey Maguire, who played Spider-Man in different film franchises, recreated the pointing meme.",https://r2.timesurgelabs.com/templates/76294455-cfd1-4e52-9832-5fc541b4a1ab.jpg,800,450,"You are a masterful meme maker. This image has been widely used in various contexts and has become a popular meme template for depicting confusion or disagreement.
 The meme gained significant popularity in 2011 and has been featured in multiple Spider-Man movies, including ""Spider-Man: Into the Spider-Verse"" and ""Spider-Man: No Way Home,"" where it was recreated and referenced in humorous ways.
You give the 2 texts in json form.
e.g.
{{""text1"": ""Minecraft"", ""text2"": ""Terraria""}}
OR
{{""text1"": ""iphone 13"", ""text2"": ""iphone 14""}}
Give me the 2 texts of this meme for something related to ","[{""h"":106,""w"":260,""x"":93,""y"":136,""font"":""impact"",""color"":""white"",""border"":""black""},{""h"":110,""w"":255,""x"":489,""y"":138,""font"":""impact"",""color"":""white"",""border"":""black""}]",true,,2025-03-28 17:27:57.114439+00,2025-03-28 17:27:57.114439+00,
1909a0eb-7ba5-4111-a9cb-1cbaf59b0820,Futurama Zoidberg / Why Not Zoidberg?,"Futurama Zoidberg, also known as ""Why not Zoidberg?"", is an advice animal image macro series featuring the cephalopod-like alien Zoidberg from the cartoon TV series Futurama. Captions typically start with a query of some sort, followed by the rhetorical question ""why not Zoidberg?"" at the bottom.  The phrase is often used in a humorous context where Zoidberg offers himself as a solution to a problem, making it absurd and unexpected, thus creating humor.",https://r2.timesurgelabs.com/templates/832e0215-20f0-418c-bbfe-139848f83d1d.jpg,534,416,"You are a masterful meme maker. Futurama Zoidberg, also known as ""Why not Zoidberg?"", is an advice animal image macro series featuring the cephalopod-like alien Zoidberg from the cartoon TV series Futurama. Captions typically start with a query of some sort, followed by the rhetorical question ""why not Zoidberg?"" at the bottom.  The phrase is often used in a humorous context where Zoidberg offers himself as a solution to a problem, making it absurd and unexpected, thus creating humor.
You give the 2 texts in json form.
e.g.
{{""text1"": ""NEED A NEW PRESIDENT?"", ""text2"": ""WHY NOT ZOIDBERG?""}}
OR
{{""text1"": ""NEED A NEW DOCTOR?"", ""text2"": ""WHY NOT ZOIDBERG?""}}
Give me the 2 texts of this meme for something related to ","[{""h"":60,""w"":515,""x"":6,""y"":6,""font"":""impact"",""color"":""white"",""border"":""black""},{""h"":75,""w"":520,""x"":8,""y"":335,""font"":""impact"",""color"":""white"",""border"":""black""}]",true,,2024-12-16 02:15:32.205242+00,2024-12-16 02:15:32.205242+00,
1c18fbbe-2f21-4da4-b16a-c3abddbc3c51,"Look At Me, I'm The Captain Now","""Look At Me. I'm The Captain Now."" is a quote from the 2013 movie Captain Phillips, in which an American cargo ship is hijacked by Somali pirates.[1] One of the pirates, taking command of the vessel, delivers the eponymous phrase after storming the bridge and taking the previous captain hostage. The phrase is used online to illustrate a take-over or major change spearheaded by one individual.",https://r2.timesurgelabs.com/templates/ef052b71-96b0-49dc-a692-41e31e10f4a4.jpg,300,300,"You are a masterful meme maker. The “Look at me, I’m the captain now” meme is derived from a scene in the 2013 film “Captain Phillips,” where a Somali pirate, played by Barkhad Abdi, takes control of a ship’s bridge from its captain, played by Tom Hanks. The humor in the meme comes from the dramatic and intense context of the scene being repurposed for more mundane or ironic situations. The line is often used to mockingly declare taking control of something that wasn’t originally theirs, which can be seen as a humorous exaggeration of everyday power shifts. This contrast between the serious and dramatic original context and its use in everyday situations creates the comedic effect.
You give the 2 texts in json form.
e.g.
{{""text1"": ""Feds be like: Look at me..."", ""text2"": ""Im the terrorist now""}}
OR
{{""text1"": ""My cat at 3am"", ""text2"": ""Look at me, Im the captain now""}}
Give me the 2 texts of this meme for something related to ","[{""h"":68,""w"":269,""x"":18,""y"":13,""font"":""impact"",""color"":""white"",""border"":""black""},{""h"":54,""w"":284,""x"":9,""y"":240,""font"":""impact"",""color"":""white"",""border"":""black""}]",true,,2025-01-19 15:53:32.125765+00,2025-01-19 15:53:32.125765+00,
1e27a459-e625-414d-bbb4-c9db92372722,Shaq Sleeps,"Sleeping Shaq is a multi-pane exploitable image series featuring descriptions of various events paired with a photoshopped picture of retired professional basketball player Shaquille O'Neal in different states of wakefulness, bearing many similarities to the Expanding Brain series.",https://r2.timesurgelabs.com/templates/7bb275b3-40c7-48c0-b94b-dfabb1248a75.jpg,1280,1262,"You are a masterful meme maker. Sleeping Shaq is a multi-pane exploitable image series featuring descriptions of various events paired with a photoshopped picture of retired professional basketball player Shaquille O'Neal in different states of wakefulness, bearing many similarities to the Expanding Brain series. The joke is usually that the first text is worse than the second text in nearly all contexts.
You give the 2 texts in json form.
e.g.
{{""text1"": ""*gunshots screams explosion*"", ""text2"": ""griefing in minecraft""}}
OR
{{""text1"": ""teachers when a kid is being bullied"", ""text2"": ""teachers when a girl shows her shoulder""}}
Give me the 2 texts of this meme for something related to ","[{""h"":649,""w"":621,""x"":4,""y"":10,""font"":""impact"",""color"":""white"",""border"":""black""},{""h"":557,""w"":623,""x"":4,""y"":693,""font"":""impact"",""color"":""white"",""border"":""black""}]",true,,2024-12-03 23:18:03.894595+00,2024-12-03 23:18:03.894595+00,
2119efff-225f-4f18-bacd-0f0dd24f4ca6,Nut Button,"Nut Button refers to an image of a hand going to hit a blue button, badly edited to have the word ""NUT"" on it. The image often has text above it, usually ""When you're hitting it from behind and she turns around and moans 'X'"", or something similar. Over the course of 2016, it evolved such that ""nut"" was replaced with different words and the captions were applied to several different, not always sexual subjects.",https://r2.timesurgelabs.com/templates/9b137e46-0d2a-4424-94dd-39190b18d041.jpg,600,446,"You are a masterful meme maker. Absurdity: The meme’s concept is ridiculous – a blue button with the word “NUT” on it, often used to caption a hand about to press it. The unexpectedness and absurdity of the situation create humor.
Playful exaggeration: The meme exaggerates a mundane action (pressing a button) and adds a silly, over-the-top reason for doing so (e.g., “When you’re hitting it from behind and she turns around and moans ‘X’”). This exaggeration creates comedic effect.
Relatability: The meme can be used to poke fun at relatable situations, such as making a bad decision or reacting impulsively. This shared experience creates a sense of familiarity and humor.
Contextual versatility: The Nut Button meme can be applied to various contexts, including pop culture, politics, and everyday life. This versatility allows users to create humorous connections between the meme and their own experiences or observations.
Visual simplicity: The meme’s design is simple and easily recognizable, making it easy to create and share. The blue button and white text create a clean, attention-grabbing visual that adds to the humor.
Community engagement: The meme’s popularity and widespread use have created a sense of shared humor and community among those who create and share it. This collective laughter and recognition amplify the meme’s comedic effect.
Overall, the Nut Button meme’s humor stems from its absurdity, playful exaggeration, relatability, contextual versatility, visual simplicity, and community engagement.
You give the 2 texts in json form.
e.g.
{{""text1"": ""Schools"", ""text2"": ""Block Every Website known to man""}}
OR
{{""text1"": ""When youre losing an argument"", ""text2"": ""\""I'm Done arguing with you!\""""}}
Give me the 2 texts of this meme for something related to ","[{""h"":107,""w"":331,""x"":248,""y"":39,""font"":""impact"",""color"":""white"",""border"":""black""},{""h"":178,""w"":258,""x"":31,""y"":212,""font"":""impact"",""color"":""white"",""border"":""black""}]",true,,2024-12-21 16:19:14.176638+00,2024-12-21 16:19:14.176638+00,
2c3d1d35-0f6e-4f10-9846-bf8cdfdd3d77,Ol' Reliable,"Ol' Reliable or La Vieja Confiable in Spanish, refers to an exploitable object labeling still-image taken from Spongebob Squarepants in which Spongebob presents a box labeled ""Ol' Relable"" and inside is a jellyfishing net. In the exploitable edits, the net is replaced with a clichéd phrase or image representing something a group of people will often use in certain situations.",https://r2.timesurgelabs.com/templates/f51017c5-b5df-48db-b7aa-afb3de78fdc7.jpg,500,752,"You are a masterful meme maker. The ""Ol' Reliable"" SpongeBob meme is funny because it plays on the idea of a trusty and dependable sidekick or object, which in this case is a jellyfish net. The meme often features SpongeBob presenting a box labeled ""Ol' Reliable,"" which contains a jellyfish net, and people insert their own text or images to make a custom meme, often using it to humorously describe a reliable or go-to move or object in their own lives.

The meme has become popular due to its versatility and the relatable humor it can convey, making it a favorite among meme creators.
You give the 2 texts in json form.
e.g.
{{""text1"": ""When you need an excuse for why you got knocked"", ""text2"": ""LAG""}}
OR
{{""text1"": ""Moms when you talk back"", ""text2"": ""\""I brought you into this world and I can take you out\""""}}
Give me the 2 texts of this meme for something related to ","[{""h"":127,""w"":486,""x"":13,""y"":23,""font"":""impact"",""color"":""white"",""border"":""black""},{""h"":143,""w"":337,""x"":68,""y"":510,""font"":""impact"",""color"":""white"",""border"":""black""}]",true,,2025-03-04 14:14:49.367+00,2025-03-04 14:14:49.367+00,
317cefa3-a61f-47a5-871e-8fe0af61f5e7,"Expanding Brain ","Galaxy Brain, also known as Expanding Brain, is a multi-panel exploitable image series comparing the brain size of a person relative to other variables. Though the expanding brain is usually implied to showcase intellectual superiority over various objects, it is more often used in an ironic sense to imply the opposite, where objects of derision are implied to be of higher standard than objects that are usually highly regarded. For example, when used with Whomst, a person who uses ""who"" will be shown with the smallest brain, while a person who uses the most ridiculous variation, i.e. ""whomst'd've"", will be shown with the largest brain. This meme resonates with people because even the best solution is the ""big brained"" answer (the most output of thought) not always the best choice, still amusing.",https://r2.timesurgelabs.com/templates/ec1eef85-e24a-48e0-9422-69bf2b8d681a.jpg,570,800,"You are a masterful meme maker. Galaxy Brain, also known as Expanding Brain, is a multi-panel exploitable image series comparing the brain size of a person relative to other variables. Though the expanding brain is usually implied to showcase intellectual superiority over various objects, it is more often used in an ironic sense to imply the opposite, where objects of derision are implied to be of higher standard than objects that are usually highly regarded. For example, when used with Whomst, a person who uses ""who"" will be shown with the smallest brain, while a person who uses the most ridiculous variation, i.e. ""whomst'd've"", will be shown with the largest brain. This meme resonates with people because even the best solution is the ""big brained"" answer (the most output of thought) not always the best choice, still amusing.
You give the 4 texts in json form.
e.g.
{{""text1"": ""TURNING OFF NOTIFICATIONS TO FOCUS ON WORK"", ""text2"": ""PUTTING YOUR PHONE IN ANOTHER ROOM TO AVOID DISTRACTIONS"", ""text3"": ""DELETING SOCIAL MEDIA APPS SO YOU CAN FOCUS"", ""text4"": ""DELETING YOUR ENTIRE PHONE TO FINALLY GET SOME PEACE AND QUIET""}}
OR
{{""text1"": ""KILLING MOBS FOR ARMOR"", ""text2"": ""CRAFTING LEATHER ARMOR"", ""text3"": ""MINING IRON TO CRAFT ARMOR"", ""text4"": ""STEALING ARMOR FROM THE BLACKSMITH""}}
Give me the 4 texts of this meme for something related to ","[{""h"":184,""w"":252,""x"":15,""y"":10,""font"":""impact"",""color"":""white"",""border"":""black""},{""h"":194,""w"":258,""x"":11,""y"":204,""font"":""impact"",""color"":""white"",""border"":""black""},{""h"":168,""w"":256,""x"":13,""y"":414,""font"":""impact"",""color"":""white"",""border"":""black""},{""h"":183,""w"":248,""x"":19,""y"":606,""font"":""impact"",""color"":""white"",""border"":""black""}]",true,,2024-12-16 01:49:49.416129+00,2024-12-16 01:49:49.416129+00,
32de3cf5-94ae-42d2-b91f-a009ff4e81b6,Buff Doge vs. Cheems,"Swole Doge vs. Cheems refers to a comparison format in which representatives of the same group from two historical eras are presented as Swole (Chad) Doge and Cheems and are compared to each other, similar to Virgin vs. Chad. Originating from a viral Facebook meme, the format gained popularity on Reddit and Facebook starting in mid-May 2020",https://r2.timesurgelabs.com/templates/22ce88b8-6cf6-4db9-958f-bce220aa5d04.jpg,937,720,"You are a masterful meme maker. The “Buff Doge vs. Cheems” meme is a humorous comparison format that originated on the internet, specifically on platforms like Reddit and Facebook. It features two contrasting depictions of Shiba Inu dogs, with “Buff Doge” representing a strong, muscular version and “Cheems” representing a weaker, more realistic version.

Contrasting Representations: The humor in this meme comes from the stark contrast between the two representations of the same dog breed. The “Buff Doge” is exaggeratedly muscular, while “Cheems” is more realistic and often depicted as weak or embarrassed.
Comparison of Expectations vs. Reality: The meme is often used to compare expectations versus reality, with “Buff Doge” representing the idealized or expected version of something, and “Cheems” representing the actual or realistic version. This contrast creates a comedic effect, as it pokes fun at the disparity between what we expect and what we actually get.
Versatility and Relatability: The “Buff Doge vs. Cheems” meme is versatile and can be applied to various situations, making it relatable to a wide range of audiences. It can be used to comment on societal norms, cultural expectations, or personal experiences, allowing people to laugh at the absurdity of certain situations.
Internet Culture and Meme Evolution: The meme has evolved over time, with various iterations and adaptations emerging on different online platforms. Its popularity can be attributed to the internet’s ability to facilitate the creation and dissemination of humorous content, as well as the community’s willingness to engage with and modify existing memes.
You give the 4 texts in json form.
e.g.
{{""text1"": ""usernames then"", ""text2"": ""usernames now"", ""text3"": ""XxCoolGuuyxX"", ""text4"": ""skibiddyboy7783""}}
OR
{{""text1"": ""Youtubers then"", ""text2"": ""youtubers now"", ""text3"": ""whassup guys today me and my friends are playing minecraft"", ""text4"": ""you have ten seconds to subscribe or your liver will explode""}}
Give me the 4 texts of this meme for something related to ","[{""h"":72,""w"":453,""x"":23,""y"":18,""font"":""arial"",""color"":""black"",""border"":""black""},{""h"":72,""w"":388,""x"":534,""y"":23,""font"":""arial"",""color"":""black"",""border"":""black""},{""h"":157,""w"":450,""x"":14,""y"":549,""font"":""arial"",""color"":""black"",""border"":""black""},{""h"":157,""w"":407,""x"":520,""y"":549,""font"":""arial"",""color"":""black"",""border"":""black""}]",true,,2024-12-21 16:31:11.232679+00,2024-12-21 16:31:11.232679+00,
36f9890a-7602-4023-9b0d-f1e76a8d4ccc,Charlie Conspiracy,"Pepe Silvia is a reference to one of the most famous scenes of It's Always Sunny In Philadelphia in which the character Charlie Kelly (portrayed by Charlie Day) goes on a conspiratorial rant about how he believes a person named ""Pepe Silvia"" does not exist. The scene has gone on to be a favorite in the Always Sunny fandom, as well as finding use as a reaction image on Twitter and an exploitable meme template around the web.",https://r2.timesurgelabs.com/templates/f2d55c16-2f90-4bc1-abee-040bd37342c7.jpg,1024,768,"You are a masterful meme maker. Introduction to the Pepe Silvia Meme: The Pepe Silvia meme originates from a scene in the TV show “It’s Always Sunny in Philadelphia,” where the character Charlie Kelly, played by Charlie Day, goes on a conspiratorial rant about a person named “Pepe Silvia” who he believes does not exist. The scene has become a cult classic and has been used as a reaction image to reference conspiracy theories online.

Absurdity and Relatability: The meme is funny because it showcases Charlie’s absurd and frantic behavior as he tries to connect the dots about Pepe Silvia’s supposed conspiracy. This absurdity, combined with the relatability of getting caught up in ridiculous theories, makes the meme humorous.
Over-the-top Performance: Charlie Day’s performance in the scene is over-the-top and energetic, which adds to the comedic effect. His high-pitched tone and playful banter make the scene seem wild and zany.
Satire of Conspiracy Theories: The Pepe Silvia meme also serves as a satire of conspiracy theories, poking fun at the idea of people getting caught up in ridiculous and unfounded theories. The meme’s use as a reaction image to reference conspiracy theories online highlights its humorous take on this phenomenon.
Versatility and Creativity: The meme has been used in various contexts, from referencing Nicki Minaj’s rhyming scheme to creating memes with Charlie explaining something to a seal. This versatility and creativity in using the meme have contributed to its humor and popularity.
Cultural Significance: The Pepe Silvia meme has become a recognizable and iconic symbol of internet culture, representing the absurdity and humor that can be found online. Its widespread use and recognition have cemented its place as a funny and relatable meme.
You give the 1 texts in json form.
e.g.
{{""text1"": ""Airsoft fans explaining how literally just playing nerf war but the bullets hurt 10x more is fun""}}
OR
{{""text1"": ""Gen Alpha explaining skibidi toilet lore""}}
Give me the 1 texts of this meme for something related to ","[{""h"":151,""w"":924,""x"":44,""y"":13,""font"":""impact"",""color"":""white"",""border"":""black""}]",true,,2024-12-21 18:27:11.549715+00,2024-12-21 18:27:11.549715+00,
3721790b-3665-4f44-b9af-c07c8f470b89,Mother Ignoring Kid Drowning In A Pool,"Mother Ignoring Kid Drowning In A Pool is an image macro of a woman lifting up one child in a pool while another child behind her is struggling to swim. The family photo was first posted to Reddit in 2018 and then circulated Reddit as an object-labeling meme. In 2020, the image acquired another panel that featured a skeleton sitting underwater below the original image.",https://r2.timesurgelabs.com/templates/0229fa1b-a90f-4a5c-90e8-dd1130be5d5e.jpg,782,1032,"You are a masterful meme maker. The “Mother Ignoring Kid Drowning In A Pool” meme is funny due to its ironic and exaggerated portrayal of a mother’s obliviousness to a potentially dangerous situation. The humor arises from the juxtaposition of the mother lifting one child while another child is struggling to swim behind her, which creates a surreal and absurd scenario. Here are some reasons why the meme is considered humorous:

Irony: The meme plays on the irony of a mother not noticing her child in distress, which is a stark contrast to the typical parental instinct of being attentive and protective.
Exaggeration: The exaggerated scenario of a child drowning while the mother is oblivious amplifies the absurdity, making it more comical.
Relatability: Many people can relate to moments of distraction or missing important details, which makes the meme resonate with a wide audience.
Visual Impact: The clear visual representation of the situation, with the struggling child and the oblivious mother, makes the humor immediately apparent.
Cultural Context: The meme has become a part of internet culture, with various iterations and adaptations, contributing to its popularity and humor.
Satire: The meme can be seen as a satirical take on the sometimes overwhelming and distracting nature of parenting, highlighting the absurdity of everyday situations.
Meme Format: The use of the meme format, with the image macro style, allows for easy customization and sharing, which has contributed to its widespread use and recognition.
Evolution: The meme has evolved over time, with the addition of a second panel featuring a skeleton underwater, adding another layer of humor and dark comedy.
Social Commentary: The meme can also be interpreted as a commentary on the perceived lack of attention or care in certain situations, which can be seen as a form of social critique.
Memetic Quality: The meme’s ability to be easily understood and shared has contributed to its widespread adoption and humor, as it can be quickly recognized and appreciated by many people.
You give the 4 texts in json form.
e.g.
{{""text1"": ""Websites"", ""text2"": ""Ads"", ""text3"": ""Performance"", ""text4"": ""Accessibility""}}
OR
{{""text1"": ""The Education System"", ""text2"": ""Subjects that have no practical application later in life"", ""text3"": ""What are takes and how do I pay them"", ""text4"": ""Financial literacy""}}
Give me the 4 texts of this meme for something related to ","[{""h"":101,""w"":274,""x"":499,""y"":394,""font"":""impact"",""color"":""white"",""border"":""black""},{""h"":85,""w"":257,""x"":269,""y"":263,""font"":""impact"",""color"":""white"",""border"":""black""},{""h"":77,""w"":320,""x"":27,""y"":526,""font"":""impact"",""color"":""white"",""border"":""black""},{""h"":107,""w"":454,""x"":209,""y"":912,""font"":""impact"",""color"":""white"",""border"":""black""}]",true,,2025-01-19 16:38:36.43077+00,2025-01-19 16:38:36.43077+00,
376f59bc-5059-4dff-b487-1fa4b91af520,Trade Offer,"Trade Offer refers to a series of memes in which various barter trades are being proposed, with the memes using the 2020 NBA Draft jingle and parodying a generic trade request message in video games. The format gained popularity on TikTok in March 2021, with a video by TikToker bradeazy later becoming a source material for memes in which an extremely unequal exchange is proposed. The meme involves making outlandish and often ridiculous trade proposals, such as offering a living person or a place in exchange for something seemingly insignificant or trivial. This absurdity creates humor.",https://r2.timesurgelabs.com/templates/9b91da4e-8115-493b-8988-09a81af942e9.jpg,607,794,"You are a masterful meme maker. Trade Offer refers to a series of memes in which various barter trades are being proposed, with the memes using the 2020 NBA Draft jingle and parodying a generic trade request message in video games. The format gained popularity on TikTok in March 2021, with a video by TikToker bradeazy later becoming a source material for memes in which an extremely unequal exchange is proposed. The meme involves making outlandish and often ridiculous trade proposals, such as offering a living person or a place in exchange for something seemingly insignificant or trivial. This absurdity creates humor.
You give the 2 texts in json form.
e.g.
{{""text1"": ""Your full attention"", ""text2"": ""Absolutely nothing productive""}}
OR
{{""text1"": ""10-100k and 4 years of your life"", ""text2"": ""A  useless scroll ""}}
Give me the 2 texts of this meme for something related to ","[{""h"":284,""w"":185,""x"":20,""y"":182,""font"":""impact"",""color"":""white"",""border"":""black""},{""h"":143,""w"":213,""x"":338,""y"":181,""font"":""impact"",""color"":""white"",""border"":""black""}]",true,,2024-12-19 20:43:32.187833+00,2024-12-19 20:43:32.187833+00,
38928b65-3a9b-4fe8-ad73-426e5760298b,Arthur's Fist,"Arthur's Fist, also known as Clenched Fist, is a reaction image featuring a screen capture of the protagonist Arthur from the titular children's television series holding a clenched fist, which is often accompanied by captions describing various infuriating or frustrating circumstances. The image is taken from the Arthur Punches D.W. scene, notable for inspiring a series of YouTube poop videos.  The meme’s versatility and adaptability to different contexts and situations have contributed to its popularity. It has been used to express a wide range of emotions, from annoyance to excitement, making it a versatile and humorous tool.",https://r2.timesurgelabs.com/templates/ec5741c5-52ef-4e63-91b7-07171d099e13.jpg,666,375,"You are a masterful meme maker. Arthur's Fist, also known as Clenched Fist, is a reaction image featuring a screen capture of the protagonist Arthur from the titular children's television series holding a clenched fist, which is often accompanied by captions describing various infuriating or frustrating circumstances. The image is taken from the Arthur Punches D.W. scene, notable for inspiring a series of YouTube poop videos.  The meme’s versatility and adaptability to different contexts and situations have contributed to its popularity. It has been used to express a wide range of emotions, from annoyance to excitement, making it a versatile and humorous tool.
You give the 1 texts in json form.
e.g.
{{""text1"": ""When people say \""harambe was just a gorilla\""""}}
OR
{{""text1"": ""When Disney Buys DC""}}
Give me the 1 texts of this meme for something related to ","[{""h"":120,""w"":567,""x"":14,""y"":6,""font"":""impact"",""color"":""white"",""border"":""black""}]",true,,2024-12-21 16:04:05.807975+00,2024-12-21 16:04:05.807975+00,
3bb39abc-e403-4875-909c-a6b0fec2b6d2,C'mon do something,"C'mon, Do Something is a Photoshop meme featuring an exploitable illustration from the webcomic White Ninja, in which the titular character pokes a variety of things with a long stick.",https://r2.timesurgelabs.com/templates/9bfbbde8-1f55-47a9-878f-d5aba38ee53b.jpg,448,519,"You are a masterful meme maker. here are some insights on why the “C’mon, Do Something” meme is funny:

Relatability: The meme’s humor stems from its relatability to everyday situations where people are waiting for something to happen or expecting a reaction from someone or something. The meme’s caption, “C’mon, Do Something,” taps into this feeling of frustration and anticipation, making it a universal experience that audiences can identify with.
Exaggeration: The meme’s use of the White Ninja character poking various objects with a stick, often in a comically exaggerated manner, adds to its humor. The absurdity of the situation and the character’s deadpan expression create a sense of irony and playfulness.
Subversion of expectations: The meme’s format, where the White Ninja character pokes a seemingly inert object, sets up an expectation that something significant will happen. However, the outcome is often mundane or uneventful, subverting the audience’s expectations and creating humor through the unexpected twist.
Cultural reference: The meme’s origins in a webcomic and its subsequent spread across online platforms have made it a cultural reference point. Recognizing the meme and its context adds to the humor, as it becomes a shared joke among those familiar with it.
Flexibility: The meme’s template is easily adaptable to various situations and topics, allowing creators to customize it and make it relevant to their audience. This flexibility has contributed to the meme’s longevity and widespread use.
Playfulness with language: The use of the phrase “C’mon, Do Something” as a caption creates a sense of urgency and impatience, which is humorously at odds with the mundane outcome. The phrase’s informal, conversational tone adds to the meme’s lighthearted and playful nature.
Overall, the “C’mon, Do Something” meme’s humor arises from its relatability, exaggeration, subversion of expectations, cultural reference, flexibility, and playfulness with language. These elements combine to create a humorous and engaging meme that has resonated with audiences online.
You give the 2 texts in json form.
e.g.
{{""text1"": ""Me in crippling debt"", ""text2"": ""Student loan forgiveness""}}
OR
{{""text1"": ""C'Mon do something"", ""text2"": ""The update that was stuck at 99% for the past 5 hours""}}
Give me the 2 texts of this meme for something related to ","[{""h"":113,""w"":298,""x"":133,""y"":11,""font"":""impact"",""color"":""white"",""border"":""black""},{""h"":185,""w"":236,""x"":203,""y"":324,""font"":""impact"",""color"":""white"",""border"":""black""}]",true,,2024-12-23 02:36:51.844636+00,2024-12-23 02:36:51.844636+00,
400e00b1-a154-4de2-aee1-14ee8b5447a8,"For the Better, Right?","""For the Better, Right?,"" also known as the Anakin and Padme 4-Panel and Clueless Padme, is an exploitable image macro format based on screenshots from the 2002 film Star Wars: Episode II – Attack of the Clones. The meme format is arranged in a common four-panel layout, with the setup, response and punchline in the following panels. Differing from other four-panel memes, the punchline and setup are combined in the first panel, with the other panels being auxiliary. The humor in this meme stems from the subversion of expectations. Anakin’s character is known for his eventual downfall and transformation into Darth Vader, making his statement about changing the world ironic and darkly comedic.",https://r2.timesurgelabs.com/templates/fb658b80-1e26-4045-8ca7-1dd8e738142c.jpg,768,768,"You are a masterful meme maker. ""For the Better, Right?,"" also known as the Anakin and Padme 4-Panel and Clueless Padme, is an exploitable image macro format based on screenshots from the 2002 film Star Wars: Episode II – Attack of the Clones. The meme format is arranged in a common four-panel layout, with the setup, response and punchline in the following panels. Differing from other four-panel memes, the punchline and setup are combined in the first panel, with the other panels being auxiliary. The humor in this meme stems from the subversion of expectations. Anakin’s character is known for his eventual downfall and transformation into Darth Vader, making his statement about changing the world ironic and darkly comedic.
You give the 3 texts in json form.
e.g.
{{""text1"": ""I made a study guide for the test"", ""text2"": ""oh, thanks! so the test will be like the study guide , right?"", ""text3"": ""Right?""}}
OR
{{""text1"": ""People often kill the one they love the most"", ""text2"": ""in fiction, right?"", ""text3"": ""fiction... right?""}}
Give me the 3 texts of this meme for something related to ","[{""h"":79,""w"":356,""x"":11,""y"":293,""font"":""impact"",""color"":""white"",""border"":""black""},{""h"":77,""w"":351,""x"":403,""y"":294,""font"":""impact"",""color"":""white"",""border"":""black""},{""h"":67,""w"":342,""x"":407,""y"":691,""font"":""impact"",""color"":""white"",""border"":""black""}]",true,,2024-12-21 15:55:52.340447+00,2024-12-21 15:55:52.340447+00,
403e622e-afee-486a-8528-fb0e9070ff63,Success Kid,"The Success Kid meme features a baby clenching a fistful of sand with a determined facial expression, which began in 2007 and became widely popular across social media platforms.
 The image originated from a photograph of Laney Griner's son, Sam, playing in the sand at the beach.
 Initially captioned ""I Hate Sandcastles,"" the meme later took on a more positive tone, often used to celebrate small victories or achievements.

Sammy Griner, known as Success Kid, turned 18 on September 26, 2024.
 The popularity of the meme has led to commercial opportunities, including licensing for ads and merchandise, and it was even used by the White House to promote immigration reform.
 The meme has also helped the Griner family raise money for Sammy's father's medical treatments",https://r2.timesurgelabs.com/templates/122af5f9-8325-4628-9295-537b1eaa5952.jpg,500,500,"You are a masterful meme maker. The Success Kid meme features a baby clenching a fistful of sand with a determined facial expression, which began in 2007 and became widely popular across social media platforms.
 The image originated from a photograph of Laney Griner's son, Sam, playing in the sand at the beach.
 Initially captioned ""I Hate Sandcastles,"" the meme later took on a more positive tone, often used to celebrate small victories or achievements.

Sammy Griner, known as Success Kid, turned 18 on September 26, 2024.
 The popularity of the meme has led to commercial opportunities, including licensing for ads and merchandise, and it was even used by the White House to promote immigration reform.
 The meme has also helped the Griner family raise money for Sammy's father's medical treatments
You give the 2 texts in json form.
e.g.
{{""text1"": ""Planned to start an online course"", ""text2"": ""actually did""}}
OR
{{""text1"": ""Hold door for man"", ""text2"": ""future boss""}}
Give me the 2 texts of this meme for something related to ","[{""h"":105,""w"":440,""x"":39,""y"":48,""font"":""impact"",""color"":""white"",""border"":""black""},{""h"":114,""w"":471,""x"":20,""y"":376,""font"":""impact"",""color"":""white"",""border"":""black""}]",true,,2025-03-28 17:38:25.349159+00,2025-03-28 17:38:25.349159+00,
4a9fb8fa-962c-4f12-9693-b9baa29d610e,Pawn Stars - Best I Can Do Is,"Best I Can Do Is is a phrase often said by Rick Harrison on the TV show Pawn Stars. After a customer brings in their item and talks a bit about it, Rick will often call in an expert who gives more info and a possible price point on the object the person is attempting to sell. At that point is when Rick will say the phrase before giving an offer that many consider low-balling the customer. The phrase itself became used in many memes as a phrasal template and exploitable all over the internet during the 2010s and beyond.",https://r2.timesurgelabs.com/templates/9979895b-1712-4938-bade-cfb693d5cfda.jpg,624,352,"You are a masterful meme maker. The ""Best I Can Do"" meme from ""Pawn Stars"" is funny because it captures the essence of haggling and negotiation in a humorous and relatable way. The phrase, often used by Rick Harrison, the owner of the Gold & Silver Pawn Shop, is typically followed by a comically low offer for an item, which plays into the universal experience of trying to get the best deal possible.

This meme resonates with a broad audience because it reflects common frustrations and the often absurd nature of negotiations. The humor is further amplified by the contrast between the value of the items being discussed and the lowball offers made by Harrison, creating a sense of absurdity and irony.
 Additionally, the meme's versatility allows it to be used in a wide range of contexts, from personal frustrations to broader social commentary, making it a flexible and enduring part of internet culture.
You give the 3 texts in json form.
e.g.
{{""text1"": ""Science: A female takes 12-15 minutes to orgasm"", ""text2"": ""Dudes:"", ""text3"": ""Best I can do is 3 seconds""}}
OR
{{""text1"": ""18 Year Olds: \""Can I please have a cigarette or a beer?\"""", ""text2"": ""US Government: "", ""text3"": ""Best I can do is war""}}
Give me the 3 texts of this meme for something related to ","[{""h"":72,""w"":602,""x"":10,""y"":6,""font"":""impact"",""color"":""white"",""border"":""black""},{""h"":57,""w"":167,""x"":17,""y"":97,""font"":""impact"",""color"":""white"",""border"":""black""},{""h"":65,""w"":588,""x"":20,""y"":272,""font"":""impact"",""color"":""white"",""border"":""black""}]",true,,2025-03-05 14:54:09.071848+00,2025-03-05 14:54:09.071848+00,
4aac3c03-c8ab-49a3-9118-05334a1c9f09,Panik Kalm,"Panik Kalm, also known as Panic Calm, is a multi-panel exploitable featuring Meme Man in states of panic and calm. ",https://r2.timesurgelabs.com/templates/a5ad63eb-1c0b-46b5-a5fc-f12f2c2a8f6a.jpg,557,767,"You are a masterful meme maker. Panik Kalm, also known as Panic Calm, is a multi-panel exploitable featuring Meme Man in states of panic and calm. The first text contains some distressing news, while the second text contains news to quell the distress. However, as a twist, the third text reveals further news that either make the original distressing news persist or get worse. Sometimes the second and third texts are the same, to imply that the thing that the second text is describing can be both a solution to the intial panic but also cause more in context.
You give the 3 texts in json form.
e.g.
{{""text1"": ""you're late to school"", ""text2"": ""you graduated years ago"", ""text3"": ""you're a teacher""}}
OR
{{""text1"": ""your Windows network goes down"", ""text2"": ""you have Crowdstrike"", ""text3"": ""you have Crowdstrike""}}
Give me the 3 texts of this meme for something related to ","[{""h"":249,""w"":250,""x"":9,""y"":5,""font"":""arial"",""color"":""black"",""border"":""black""},{""h"":246,""w"":250,""x"":9,""y"":267,""font"":""arial"",""color"":""black"",""border"":""black""},{""h"":210,""w"":253,""x"":8,""y"":524,""font"":""arial"",""color"":""black"",""border"":""black""}]",true,,2024-11-25 06:43:59.737493+00,2024-12-11 04:13:13.729072+00,
4b79fc4b-ef69-4394-8b03-f27747d509f1,Change My Mind,"Steven Crowder's ""Change My Mind"" Campus Sign is a photograph of American-Canadian conservative podcaster Steven Crowder seated behind a sign that reads ""Male Privilege is a myth / Change My Mind"" outside of Texas Christian University. Since its upload via Crowder's Twitter account in February 2018, the photograph has been turned into an exploitable template for online parodies. ",https://r2.timesurgelabs.com/templates/b3e1456e-39c1-4ede-ad42-fa80db38f93e.jpg,482,361,"You are a masterful meme maker. Blank canvas: The meme’s simplicity and blank slate nature allow users to fill in their own arguments, jokes, or absurdities, making it a versatile and adaptable format for humor.
Subversion of expectations: The original context, featuring conservative commentator Steven Crowder, was controversial and provocative. By transforming it into a meme, people can poke fun at the original message or use it to make lighthearted, humorous points, subverting the initial intent.
Absurdity and irony: The meme’s format, where someone presents an argument and invites others to “change their mind,” can be used to create humorous contradictions or unexpected twists. For example, a meme might argue for something ridiculous, like “Pineapples belong on pizza; change my mind,” or use irony to highlight the absurdity of certain beliefs.
Playful challenge: The meme’s invitation to “change my mind” can be seen as a playful challenge, encouraging others to engage in a lighthearted debate or argument. This dynamic can create humor through the back-and-forth exchange of witty remarks or silly counterarguments.
Community participation: The meme’s popularity and widespread use have created a sense of community around it. People can share and engage with memes, creating a collective atmosphere of humor and playfulness.
Cultural relevance: The meme taps into cultural conversations and debates, allowing people to comment on and satirize current events, social issues, or popular opinions. This relevance adds to the meme’s humor and appeal.
Visual humor: The meme’s format, often featuring a simple sign or graphic with text, can be used to create visual humor through clever design, typography, or illustrations.
Overall, the “Change My Mind” meme’s humor stems from its versatility, subversive nature, absurdity, playful challenge, community participation, cultural relevance, and visual appeal.
You give the 1 texts in json form.
e.g.
{{""text1"": ""technically we're hypocrites because we suffer phone addiction like ipad kids suffer ipad addiction""}}
OR
{{""text1"": ""discord is only as dangerous as the people you hang out with on that platform""}}
Give me the 1 texts of this meme for something related to ","[{""h"":74,""w"":194,""x"":223,""y"":222,""font"":""arial"",""color"":""black"",""border"":""black""}]",true,,2024-12-21 18:23:49.690717+00,2024-12-21 18:23:49.690717+00,
502dce74-5e33-4403-8573-cb76388d84b1,Anthony Adams Rubbing Hands Together,"Anthony Adams Rubbing Hands Together refers to a photograph of former professional football player Anthony ""Spice"" Adams dressed in a yellow jacket, peeking from behind a tree, rubbing his hands and licking his lips. Online, the photograph has gained popularity as a reaction image.",https://r2.timesurgelabs.com/templates/1768b88b-6680-4986-a356-eff38e302c4e.jpg,933,1023,"You are a masterful meme maker. The “Black Guy Behind a Tree” meme is a viral sensation that has been making people laugh online. Context of the meme: The meme typically features a photo of a black man standing behind a tree, often with a humorous expression or caption added to it.

Playful hiding: The meme is funny because it depicts the man hiding behind a tree, which is a relatable and playful scenario that people of all ages can enjoy. It’s a lighthearted and innocent joke that doesn’t rely on complex setup or inside knowledge.
Universal humor: The humor in this meme is universal and can be appreciated by people from different cultures and backgrounds. It’s a simple yet effective way to bring people together and create a sense of community through shared laughter.
Customization and creativity: The meme has been remixed and reimagined in countless ways, with people adding their own captions, images, and jokes to create new and hilarious versions. This creativity and customization have helped to keep the meme fresh and exciting, even after it has been around for a while.
Relatability to childhood games: The meme is also funny because it references the classic childhood game of hide-and-seek, which many people can relate to. The image of someone hiding behind a tree is a familiar and nostalgic trope that evokes memories of carefree childhood days.
Internet culture: The “Black Guy Behind a Tree” meme has become a staple of internet culture, with many people using it to express themselves, share humor, and connect with others online. Its popularity is a testament to the power of memes to bring people together and create a sense of shared experience and community.
You give the 1 texts in json form.
e.g.
{{""text1"": ""America preparing to invade the country who just discovered oil underground""}}
OR
{{""text1"": ""Landlords after seeing a single mother who lives paycheck to paycheck with 3 kids""}}
Give me the 1 texts of this meme for something related to ","[{""h"":252,""w"":804,""x"":10,""y"":757,""font"":""impact"",""color"":""white"",""border"":""black""}]",true,,2024-12-21 16:15:25.04632+00,2024-12-21 16:15:25.04632+00,
52e485a3-3d99-4df9-9adf-5fcfe7626226,Distracted Boyfriend,"Distracted Boyfriend, also known as Man Looking at Other Woman, is an object labeling stock photo series in which a man looks at the backside of a woman walking by while another woman, presumably his romantic partner, looks on disapprovingly.",https://r2.timesurgelabs.com/templates/cd3e6e4d-5c9f-4eba-8e27-b79a994a0abd.jpg,1200,800,"You are a masterful meme maker. There is a meme of a guy (text2) checking out a girl(text1) while next to his girlfriend(text3) who looks annoyed that he is doing that. Any of the texts can be blank. Make sure there is humor generated from the choices you provide.
You give the 3 texts in json form.
e.g.
{{""text1"": ""code"", ""text2"": ""me"", ""text3"": ""sleep""}}
OR
{{""text1"": ""memes"", ""text2"": ""NYT Business"", ""text3"": ""journalism""}}
Give me the 3 texts of this meme for something related to ","[{""h"":320,""w"":414,""x"":144,""y"":426,""font"":""impact"",""color"":""white"",""border"":""black""},{""h"":258,""w"":268,""x"":632,""y"":366,""font"":""impact"",""color"":""white"",""border"":""black""},{""h"":442,""w"":268,""x"":920,""y"":214,""font"":""impact"",""color"":""white"",""border"":""black""}]",true,,2024-11-25 16:25:28.513112+00,2024-11-25 16:25:28.513112+00,
54fd4083-2a22-4284-8d1d-ae8920392401,Awkward Moment Seal,"Awkward Moment Seal is an advice animal image macro series featuring a seal with a wide-eyed expression and captions describing socially awkward or uncomfortable situations in similar vein to ""That Awkward Moment…"" and Socially Awkward Penguin..",https://r2.timesurgelabs.com/templates/4aaf5012-c522-44d0-afce-e4ed2fb77940.jpg,680,382,"You are a masterful meme maker. Awkward Moment Seal is an advice animal image macro series featuring a seal with a wide-eyed expression and captions describing socially awkward or uncomfortable situations in similar vein to ""That Awkward Moment…"" and Socially Awkward Penguin..
You give the 2 texts in json form.
e.g.
{{""text1"": ""AT FUNERAL RINGTONE GOES OFF"", ""text2"": ""ANOTHER ONE BITES THE DUST""}}
OR
{{""text1"": ""WHEN YOU CLOG THE TOILET"", ""text2"": ""AT YOUR FRIENDS HOUSE""}}
Give me the 2 texts of this meme for something related to ","[{""h"":88,""w"":488,""x"":61,""y"":2,""font"":""impact"",""color"":""white"",""border"":""black""},{""h"":96,""w"":572,""x"":15,""y"":283,""font"":""impact"",""color"":""white"",""border"":""black""}]",true,,2024-12-16 00:05:32.084434+00,2024-12-16 00:05:32.084434+00,
6b340b7d-7c1b-4657-86a4-5708e2a2f9e4,The Darkest Timeline,"The Darkest Timeline is a reference to the multi-verse theory which hypothesizes that there are multiple universes outside of our own in which all things are possible, and that we live in the worst possible of these universes. After the phrase was popularized by an episode of Community, it became a popular reference online to discuss confusion at current events, although it has also been used as a snowclone to express different opinions at current events (i.e. ""The Best Timeline,"" ""The Strangest Timeline,"" etc.).",https://r2.timesurgelabs.com/templates/29fc8b29-d28d-4d55-b784-73c8d91ba959.jpg,843,957,"You are a masterful meme maker. The Darkest Timeline meme is a humorous reference to the multiverse theory, which suggests that we live in the worst possible universe out of multiple parallel universes. This concept was popularized by the TV show Community, specifically in the episode “Remedial Chaos Theory.” The meme is often used to express frustration or disappointment with current events, implying that we are living in the worst possible timeline.

Relatability: The Darkest Timeline meme is funny because it is relatable to people who feel like things are not going well in their lives or in the world. It provides a humorous way to express frustration and disappointment with current events.
Exaggeration: The meme is also funny because it exaggerates the idea of a “worst possible” timeline, creating a comedic effect. The idea that we are living in a timeline where everything is going wrong is absurd and humorous.
Pop culture reference: The Darkest Timeline meme is a reference to a popular TV show, Community, which adds to its humor. Fans of the show can appreciate the reference and understand the context, making it a funny and relatable meme.
Versatility: The meme is versatile and can be used in various contexts, from politics to everyday life. This versatility makes it a popular and funny meme, as people can use it to express their frustration or disappointment with different situations.
Absurdity: The idea of a multiverse with multiple parallel universes is absurd and humorous in itself. The Darkest Timeline meme takes this idea and runs with it, creating a comedic effect by implying that we are living in the worst possible universe.
You give the 5 texts in json form.
e.g.
{{""text1"": ""Me during the Christmas season"", ""text2"": ""\""All I want for Christmas is yooouuu\"""", ""text3"": ""Every single ship is out of stock of literally anything. groceries included."", ""text4"": ""wondering how the heck the year has gone so quickly"", ""text5"": ""Having to see those weird distant relatives that I didnt even know existed""}}
OR
{{""text1"": ""Me going to watch youtube in 2024"", ""text2"": ""Every youtuber getting involved in grooming allegations"", ""text3"": ""Many popular youtubers quitting"", ""text4"": ""mr beast controversy"", ""text5"": ""insane amount of youtube ads""}}
Give me the 5 texts of this meme for something related to ","[{""h"":114,""w"":290,""x"":358,""y"":217,""font"":""impact"",""color"":""white"",""border"":""black""},{""h"":176,""w"":130,""x"":130,""y"":543,""font"":""impact"",""color"":""white"",""border"":""black""},{""h"":197,""w"":231,""x"":591,""y"":734,""font"":""impact"",""color"":""white"",""border"":""black""},{""h"":168,""w"":147,""x"":670,""y"":504,""font"":""impact"",""color"":""white"",""border"":""black""},{""h"":192,""w"":183,""x"":334,""y"":746,""font"":""impact"",""color"":""white"",""border"":""black""}]",true,,2024-12-23 02:43:56.11346+00,2024-12-23 02:43:56.11346+00,
6cc87ae8-3b37-46a8-b2b9-34d9730874ba,Let Exit 12 Off Ramp,"Left Exit 12 Off Ramp is a series of exploitables in which a car swerving into an off ramp. On the highway sign, the meme's author photoshops something the author disapproves of and something they would prefer. The car swerves toward the preference.",https://r2.timesurgelabs.com/templates/24931cb5-ad8a-43af-bc09-7aa4860f6855.jpg,804,767,"You are a masterful meme maker. The “Left Exit 12 Off Ramp” meme is funny because it captures a moment of urgency and decision-making in a visually dramatic way. The meme features a car that has missed the start of an exit ramp and is skidding sideways to make a last-minute turn, which adds a sense of panic and humor to the situation. Here are some reasons why it’s considered funny:

Visual Drama: The image shows a car in the middle of a dramatic skid, which is inherently funny due to its exaggerated and unexpected nature.
Decision-Making: The meme often represents a choice between two options, with the “straight” arrow labeled with something negative or unwanted, while the exit arrow is labeled with a superior alternative. This setup plays on the idea of making a quick, decisive choice.
Irony: Sometimes the meme is used ironically, where the car turns away from a “normal,” positive choice in favor of something weird or dark, which adds a layer of humor through unexpected outcomes.
Relatable Situation: The scenario of making a last-minute decision is relatable to many people, which can make the meme more humorous as it resonates with common experiences.
Customization: The ability to customize the text on the sign and the car allows for endless variations of humor, from simple wordplay to more complex narratives.
Visual Appeal: The high-quality and noise-reduced versions of the meme make it visually appealing and easier to read, enhancing its humor and shareability.
You give the 3 texts in json form.
e.g.
{{""text1"": ""Going to a therapist"", ""text2"": ""Saying \""it is what it is\"""", ""text3"": ""Most Men""}}
OR
{{""text1"": ""Its enough for tonight"", ""text2"": ""just one more game"", ""text3"": ""Me""}}
Give me the 3 texts of this meme for something related to ","[{""h"":181,""w"":156,""x"":174,""y"":81,""font"":""impact"",""color"":""white"",""border"":""black""},{""h"":173,""w"":176,""x"":416,""y"":92,""font"":""impact"",""color"":""white"",""border"":""black""},{""h"":228,""w"":550,""x"":123,""y"":527,""font"":""impact"",""color"":""white"",""border"":""black""}]",true,,2025-01-19 15:39:18.679295+00,2025-01-19 15:39:18.679295+00,
6ee1891e-b39c-45ae-85a2-13d98d15781f,Ancient Aliens,"Ancient Aliens is a series of image macros based on History Channel's TV series with the same name starring alien expert Giorgio A. Tsoukalos, who often tends to explain inexplicable phenomena as the direct result of aliens or extraterrestrials being on Earth. In a somewhat similar fashion to Bill O'Reilly's You Can't Explain That series, the Ancient Aliens macros exaggerate Tsoukalos' beliefs to such an extent that they become humorous.",https://r2.timesurgelabs.com/templates/23a65c16-a2f9-458c-a665-2ce2eedc055c.jpg,800,698,"You are a masterful meme maker. Ancient Aliens is a series of image macros based on History Channel's TV series with the same name starring alien expert Giorgio A. Tsoukalos, who often tends to explain inexplicable phenomena as the direct result of aliens or extraterrestrials being on Earth. In a somewhat similar fashion to Bill O'Reilly's You Can't Explain That series, the Ancient Aliens macros exaggerate Tsoukalos' beliefs to such an extent that they become humorous.
You give the 2 texts in json form.
e.g.
{{""text1"": ""I DON'T KNOW"", ""text2"": ""THEREFORE ALIENS""}}
OR
{{""text1"": ""I DON'T CARE WHAT YOU SAY"", ""text2"": ""ANCIENT FUCKING ALIENS""}}
Give me the 2 texts of this meme for something related to ","[{""h"":150,""w"":618,""x"":96,""y"":24,""font"":""impact"",""color"":""white"",""border"":""black""},{""h"":143,""w"":487,""x"":137,""y"":538,""font"":""impact"",""color"":""white"",""border"":""black""}]",true,,2024-12-16 00:00:01.41233+00,2024-12-16 00:00:01.41233+00,
78867e07-752f-4418-bc66-665ebf5bdddb,Flex Tape,"Flex Tape is a product created by Flex Seal that has had a surge in popularity after YouTuber JonTron made a video about the commodity. Since the episode, the tape has been the subject of many jokes and edits online.",https://r2.timesurgelabs.com/templates/7e21d099-d64d-4247-a7f8-a234776b0899.jpg,510,572,"You are a masterful meme maker. here are some reasons why the Flex Tape meme might be considered funny:

Exaggerated demonstrations: The meme often involves absurd and over-the-top demonstrations of Flex Tape’s supposed capabilities, such as cutting a boat in half and then repairing it with Flex Tape, or sawing a person’s brain in half. These exaggerated scenarios create a comedic effect by poking fun at the product’s marketing claims.
Hyperbole and absurdity: The meme’s reliance on hyperbole and absurdity adds to its humor. For example, claims that Flex Tape can fix anything, including relationships or even sawed-in-half brains, are clearly ridiculous and meant to be humorous.
Playful subversion of expectations: The meme often takes the original product’s marketing message (Flex Tape is strong and versatile) and turns it on its head, using it to create unexpected and humorous scenarios. This subversion of expectations creates a sense of surprise and delight.
Cultural reference and irony: The Flex Tape meme often incorporates cultural references, such as pop culture tropes or internet memes, and applies them to the product in an ironic or unexpected way. This adds a layer of humor and recognition for those familiar with the cultural context.
Buildup and anticipation: Many Flex Tape memes involve a slow build-up of anticipation, followed by a punchline or unexpected twist. This creates a sense of tension and release, making the humor more engaging and memorable.
Self-awareness and meta-humor: Some Flex Tape memes acknowledge and comment on their own absurdity, using self-awareness and meta-humor to create a sense of irony and humor.
Overall, the Flex Tape meme’s humor stems from its creative and absurd applications of the product’s marketing claims, combined with its playful subversion of expectations, cultural references, and self-awareness.
You give the 3 texts in json form.
e.g.
{{""text1"": ""Crippling depression"", ""text2"": ""Me"", ""text3"": ""\""It is what it is\""""}}
OR
{{""text1"": ""Child bored out of their mind"", ""text2"": ""Parents"", ""text3"": ""offering chores""}}
Give me the 3 texts of this meme for something related to ","[{""h"":108,""w"":192,""x"":315,""y"":6,""font"":""impact"",""color"":""white"",""border"":""black""},{""h"":78,""w"":128,""x"":95,""y"":94,""font"":""impact"",""color"":""white"",""border"":""black""},{""h"":170,""w"":218,""x"":207,""y"":312,""font"":""impact"",""color"":""white"",""border"":""black""}]",true,,2024-12-23 03:18:13.376877+00,2024-12-23 03:18:13.376877+00,
79d108f8-0074-4f47-9d04-8e99dcf26587,Boardroom Suggestion,"Boardroom Suggestion is an exploitable comic series satirizing the perception gap between what consumers want and what corporate executives think they want, in similar vein of Corporate Logic and All Right, Gentlemen comics. Each comic begins with the executive consulting his staff for new product ideas, followed by the first two employees giving corporate-safe answers, which ends abruptly with the third employee being thrown out of the window for suggesting a consumer-approved idea. This is funny because bosses do not take real ideas seriously and would rather throw a good employee out the window than take a logical suggestion. ",https://r2.timesurgelabs.com/templates/2253cfdf-956d-4a8e-abe1-7a90758d334c.jpg,500,649,"You are a masterful meme maker. Boardroom Suggestion is an exploitable comic series satirizing the perception gap between what consumers want and what corporate executives think they want, in similar vein of Corporate Logic and All Right, Gentlemen comics. Each comic begins with the executive consulting his staff for new product ideas, followed by the first two employees giving corporate-safe answers, which ends abruptly with the third employee being thrown out of the window for suggesting a consumer-approved idea. This is funny because bosses do not take real ideas seriously and would rather throw a good employee out the window than take a logical suggestion. 
You give the 4 texts in json form.
e.g.
{{""text1"": ""Alright team, we need a new show for MTV, any ideas?"", ""text2"": ""Teens with AIDS"", ""text3"": ""Fat people in bikinis"", ""text4"": ""Maybe Music""}}
OR
{{""text1"": ""Alright guys, what should we do to increase Crash Bandicoot sales?"", ""text2"": ""Redesign him!"", ""text3"": ""Make more Titans!"", ""text4"": ""Sell him back to Naughty Dog""}}
Give me the 4 texts of this meme for something related to ","[{""h"":44,""w"":277,""x"":163,""y"":8,""font"":""arial"",""color"":""black"",""border"":""black""},{""h"":22,""w"":93,""x"":26,""y"":250,""font"":""arial"",""color"":""black"",""border"":""black""},{""h"":25,""w"":72,""x"":168,""y"":256,""font"":""arial"",""color"":""black"",""border"":""black""},{""h"":40,""w"":120,""x"":312,""y"":259,""font"":""arial"",""color"":""black"",""border"":""black""}]",true,,2024-12-16 00:16:46.810169+00,2024-12-16 00:16:46.810169+00,
7eb4dd1d-9e26-44cd-901f-65362008241a,Confession Bear,Confession Bear is an advice animal image macro series featuring a photo of a Malayan sun bear leaning against a log. The images are captioned with confessions about taboo behaviors and controversial opinions that are often kept secret for fear of being ostracized,https://r2.timesurgelabs.com/templates/2618773b-4e92-4536-bad9-7d6e8936964a.jpg,500,521,"You are a masterful meme maker. The Confession Bear meme is funny because it juxtaposes serious or taboo confessions with the image of a sad-looking sun bear, creating an unexpected and humorous contrast.
 The bear's expression and the nature of the confessions it is made to ""admit"" to often result in amusing or relatable content for viewers.
 The meme allows people to share secrets or unpopular opinions in a lighthearted and anonymous way, which can be entertaining and cathartic.
You give the 2 texts in json form.
e.g.
{{""text1"": ""I've never plated a video game"", ""text2"": ""without it set to the easiest mode""}}
OR
{{""text1"": ""I start doing chores right before my boyfriend leaves, then play video games all day"", ""text2"": ""when he comes back home I continue my chores so it looks like I was cleaning all day""}}
Give me the 2 texts of this meme for something related to ","[{""h"":97,""w"":458,""x"":25,""y"":14,""font"":""impact"",""color"":""white"",""border"":""black""},{""h"":162,""w"":478,""x"":5,""y"":334,""font"":""impact"",""color"":""white"",""border"":""black""}]",true,,2025-03-05 15:12:58.718511+00,2025-03-05 15:12:58.718511+00,
8203fb15-02eb-4f9c-b57d-a3abcae1f3f3,Good Guy Greg,"Good Guy Greg (GGG) is an advice animal image macro series featuring a photo of a square-jawed man smiling at the camera with a marijuana cigarette in his mouth. As the antithesis of Scumbag Steve, the captions generally depict the character as kind, generous or empathetic to other people. Good Guy Greg’s actions are often ridiculously nice, making him a comedic figure. For example, he might call someone at 6am to remind them to go to work or help someone even when mistaken for an employee.",https://r2.timesurgelabs.com/templates/f1ebdc39-0a49-409b-ae7f-ee1cea2bcb59.jpg,500,500,"You are a masterful meme maker. Good Guy Greg (GGG) is an advice animal image macro series featuring a photo of a square-jawed man smiling at the camera with a marijuana cigarette in his mouth. As the antithesis of Scumbag Steve, the captions generally depict the character as kind, generous or empathetic to other people. Good Guy Greg’s actions are often ridiculously nice, making him a comedic figure. For example, he might call someone at 6am to remind them to go to work or help someone even when mistaken for an employee.
You give the 2 texts in json form.
e.g.
{{""text1"": ""KNOWS HOW TO DO A MATH PROBLEM"", ""text2"": ""TEACHES YOU HOW TO DO IT INSTEAD OF GIVING YOU THE ANSWER""}}
OR
{{""text1"": ""BORROWS $10 "", ""text2"": ""PAYS BACK $10""}}
Give me the 2 texts of this meme for something related to ","[{""h"":96,""w"":460,""x"":20,""y"":14,""font"":""impact"",""color"":""white"",""border"":""black""},{""h"":118,""w"":433,""x"":40,""y"":369,""font"":""impact"",""color"":""white"",""border"":""black""}]",true,,2024-12-16 02:22:56.71826+00,2024-12-16 02:22:56.71826+00,
8601e538-e8e9-4c9b-bc2b-59773ac67fd7,Disappointed Black Guy,"Disappointed Black Guy is a four-panel reaction image macro that expresses the expectation-reality meme. The format follows the following order: a picture of something the meme the author desires or anticipates juxtaposes a photograph of a happy, excited man. The third panel usually reveals the full picture of the first panel, which is different and unappealing, followed by a picture of the same person, but now with an expression of disappointment or shock.",https://r2.timesurgelabs.com/templates/c2a8c422-4e72-4f6d-b885-a3077c666d36.jpg,1172,756,"You are a masterful meme maker. The disappointed black guy meme is a relatable and humorous representation of the expectation vs. reality concept.

Universal experience: The meme depicts a person who is initially excited and happy, only to be disappointed or shocked by the reality of a situation, which is a universal experience that many people can identify with.
Exaggerated expression: The meme’s use of an exaggerated expression of disappointment or shock adds to its comedic effect, making it a humorous way to express frustration or disappointment.
Versatility: The meme’s format can be applied to various situations, making it a versatile and relatable meme that can be used to express disappointment or frustration in different contexts.
Relatability: The meme’s ability to poke fun at everyday situations and the people in them makes it relatable and entertaining, allowing people to laugh at themselves and the situations they find themselves in.
Cultural significance: The meme has become a cultural phenomenon, with many people using it to express their disappointment or frustration on social media, which has contributed to its widespread popularity and humor.
You give the 2 texts in json form.
e.g.
{{""text1"": ""Taking time off for the holidays"", ""text2"": ""spending half your time off working anyway""}}
OR
{{""text1"": ""\""Okay class, today we are going to watch a movie\"""", ""text2"": ""\""Please take out some paper so you can take notes\""""}}
Give me the 2 texts of this meme for something related to ","[{""h"":329,""w"":659,""x"":33,""y"":25,""font"":""arial"",""color"":""black"",""border"":""black""},{""h"":346,""w"":667,""x"":23,""y"":398,""font"":""arial"",""color"":""black"",""border"":""black""}]",true,,2024-12-23 02:54:12.94776+00,2024-12-23 02:54:12.94776+00,
89357459-2646-4054-8048-6add0d4fca85,Batman Slapping Robin,"Batman Slapping Robin, also known as ""My Parents Are Dead,"" is an exploitable image of the DC Comics superhero Batman slapping his protégé Robin in mid-conversation. Taken from a comic book published in 1965, the single-panel illustration has inspired a series of parodies featuring custom-captioned speech bubbles on 4chan, Reddit and elsewhere.  The meme also plays on the traditional dynamic between Batman and Robin, where Batman is the mentor and Robin is the protégé. The slap subverts this expectation and creates a humorous power imbalance between the two characters.",https://r2.timesurgelabs.com/templates/23b773d0-75a2-43ba-a053-46390fe6b575.jpg,400,387,"You are a masterful meme maker. Batman Slapping Robin, also known as ""My Parents Are Dead,"" is an exploitable image of the DC Comics superhero Batman slapping his protégé Robin in mid-conversation. Taken from a comic book published in 1965, the single-panel illustration has inspired a series of parodies featuring custom-captioned speech bubbles on 4chan, Reddit and elsewhere.  The meme also plays on the traditional dynamic between Batman and Robin, where Batman is the mentor and Robin is the protégé. The slap subverts this expectation and creates a humorous power imbalance between the two characters.
You give the 2 texts in json form.
e.g.
{{""text1"": ""I'm gonna tell mom"", ""text2"": ""you better not!!!""}}
OR
{{""text1"": ""don't hit me, i'm an orphan"", ""text2"": ""what are you gonna do, tell your parents?""}}
Give me the 2 texts of this meme for something related to ","[{""h"":50,""w"":185,""x"":7,""y"":4,""font"":""impact"",""color"":""white"",""border"":""black""},{""h"":71,""w"":168,""x"":223,""y"":4,""font"":""impact"",""color"":""white"",""border"":""black""}]",true,,2024-12-21 16:08:34.865182+00,2024-12-21 16:08:34.865182+00,
89b999bb-3db6-4f87-8ca1-8ad385b22455,Sleeping Shaq,"Sleeping Shaq is a multi-pane exploitable image series featuring descriptions of various events paired with a photoshopped picture of retired professional basketball player Shaquille O'Neal in different states of wakefulness, bearing many similarities to the Expanding Brain series.",https://r2.timesurgelabs.com/templates/3db0cd51-76eb-4a7d-b628-788b4283cb3c.jpg,640,631,"You are a masterful meme maker. The ""Sleeping Shaq"" meme is funny because it captures a seemingly mundane and relatable moment—Shaquille O'Neal, a towering and powerful NBA star, appearing to fall asleep during a press event—and transforms it into a humorous and versatile template for internet jokes. The original image, taken during the NBA's Media Day in 2008, shows Shaq with his eyes closed and head slightly drooping, which many found amusing due to the contrast between his imposing physical presence and the seemingly peaceful, almost comical, state of sleep.

The meme gained popularity as creative users began to photoshop Shaq into various scenarios, often paired with humorous captions that describe different situations or reactions. These scenarios range from everyday occurrences to more absurd and imaginative contexts, making the meme highly adaptable and entertaining.
 The multi-pane format, similar to the ""Expanding Brain"" meme, allows for a series of increasingly exaggerated or absurd situations, adding to the humor.

Additionally, the meme's longevity and widespread use across different platforms and communities have contributed to its enduring appeal. It has become a part of internet culture, often used to comment on current events, personal experiences, and other memes, further enhancing its comedic value.
You give the 2 texts in json form.
e.g.
{{""text1"": ""me when i see 9,999,999 fireflies"", ""text2"": ""me when i see 10,000,000 fireflies""}}
OR
{{""text1"": ""god when war, torture, rape, genocide, famine, plague, etc"", ""text2"": ""God when homosexuality""}}
Give me the 2 texts of this meme for something related to ","[{""h"":286,""w"":276,""x"":26,""y"":32,""font"":""impact"",""color"":""white"",""border"":""black""},{""h"":274,""w"":286,""x"":13,""y"":349,""font"":""impact"",""color"":""white"",""border"":""black""}]",true,,2025-03-28 17:14:47.827509+00,2025-03-28 17:14:47.827509+00,
8c306c1b-dbfd-4a94-8753-d37850619ff2,Grant Gustin over Oliver Queen's Grave,"Grant Gustin Next to Oliver Queen's Grave is an image macro series based on a set photograph of actor Grant Gustin, who plays the titular character on CW's The Flash, kneeling and holding up peace sign next to the grave of Oliver Queen, also known as The Green Arrow, the DC Comics superhero hero from the CW series Arrow.",https://r2.timesurgelabs.com/templates/452ef0fb-82ad-4619-9ef7-de369559bcef.jpg,680,609,"You are a masterful meme maker. The Grant Gustin over Oliver Queen’s grave meme is funny because it plays on the rivalry and crossover dynamics between characters from the Arrowverse TV shows. Here are some reasons why it’s considered humorous:

Character Dynamics: The meme highlights the tension between Oliver Queen (Arrow) and Barry Allen (The Flash), played by Stephen Amell and Grant Gustin respectively. It suggests a playful rivalry or victory over Oliver’s character.
Irony: Grant Gustin’s character, Barry Allen, is often portrayed as a hero, so the image of him standing next to Oliver’s grave with a peace sign is ironic and unexpected.
Cultural Context: Fans of the Arrowverse TV shows understand the background and can appreciate the inside joke, making it relatable and funny for the audience.
Visual Humor: The image itself is visually striking, with Grant Gustin’s character standing next to a grave, which creates a humorous contrast with his cheerful gesture.
Versatility: The meme has been adapted and reused in various contexts, from personal jokes to broader cultural references, making it versatile and widely appreciated.
This meme has become a popular way for fans to express their feelings about character dynamics and plot points in the Arrowverse, adding a layer of humor and creativity to discussions about the shows.
You give the 2 texts in json form.
e.g.
{{""text1"": ""\""Cultures were meant to be shared!\"""", ""text2"": ""\""No Latin Elves or Black Romans!!\""""}}
OR
{{""text1"": ""Jesus"", ""text2"": ""Jesus""}}
Give me the 2 texts of this meme for something related to ","[{""h"":142,""w"":150,""x"":94,""y"":149,""font"":""impact"",""color"":""white"",""border"":""black""},{""h"":96,""w"":240,""x"":363,""y"":369,""font"":""impact"",""color"":""white"",""border"":""black""}]",true,,2025-01-18 15:31:33.668045+00,2025-01-18 15:31:33.668045+00,
902b7471-2d82-4347-84da-64792cc60601,Leonardo DiCaprio Laughing,"Leonardo DiCaprio Laughing is an image macro of Calvin Candie played by Leonardo DiCaprio in the 2012 film Django Unchained which features the character smiling while holding a drink. The image gained Photoshop edits starting in November 2017 and became a popular reaction image in August 2020 on Reddit. The meme’s image can be used to comment on various situations, from everyday life to pop culture references, allowing users to create humorous connections and parodies. This meta-meme aspect adds to its comedic value.",https://r2.timesurgelabs.com/templates/e043c9c1-85ec-48b7-9af4-65f46ca0ce66.jpg,500,500,"You are a masterful meme maker. Leonardo DiCaprio Laughing is an image macro of Calvin Candie played by Leonardo DiCaprio in the 2012 film Django Unchained which features the character smiling while holding a drink. The image gained Photoshop edits starting in November 2017 and became a popular reaction image in August 2020 on Reddit. The meme’s image can be used to comment on various situations, from everyday life to pop culture references, allowing users to create humorous connections and parodies. This meta-meme aspect adds to its comedic value.
You give the 1 texts in json form.
e.g.
{{""text1"": ""When someone asks what time it is and you say \""time for you to get a watch\""""}}
OR
{{""text1"": ""Dads on Christmas when you open the gift they said they weren't getting you""}}
Give me the 1 texts of this meme for something related to ","[{""h"":238,""w"":222,""x"":274,""y"":4,""font"":""impact"",""color"":""white"",""border"":""black""}]",true,,2024-12-16 02:58:15.588885+00,2024-12-16 02:58:15.588885+00,
91ea2253-8114-4073-995b-aa30e903d6d6,Roll Safe Think About It,"On June 1st, 2016, the BBC Three YouTube channel uploaded a mini-documentary on the Hood Documentary series, in which the Simpson is shown pointing to his head and smiling after saying that he finds a woman ""beautiful"" because ""she's got good brains,"" joking that she is skilled at performing oral sex (shown below). Within eight months, the video gained over 1.04 million views and 1,300 comments.

Play
Filmmaker: ""Oh, so you're attracted to intelligence, RS?""
Reece Simpson: ""Yeah man, I think Rachel is beautiful because she's got good brains.""
On November 15th, 2016, the @FootyHumor[1] Twitter feed posted a screenshot of Ewumi pointing at his temple along with a joke about starting a fight with a girlfriend in order to play video games ",https://r2.timesurgelabs.com/templates/49a449d8-2fc6-4e0b-8a03-bfa648a6751f.jpg,800,450,"You are a masterful meme maker. The ""Roll Safe"" meme is funny because it often provides partially true but misguided advice that is actually inadvisable in reality.
 The character, created by British filmmaker and actor Kayode Ewumi in his web series Hood Documentary, is known for his lisp and ambitious yet impractical statements.
 The meme's humor comes from the character's poor decision-making and failures in critical thinking, which are highlighted in images where he taps his finger on his head.
 For example, a common format is ""You can't X, if there is no Y,"" which exaggerates the importance of certain conditions and leads to absurd conclusions.
You give the 2 texts in json form.
e.g.
{{""text1"": ""Can't get brain rot"", ""text2"": ""If you dont have any brains""}}
OR
{{""text1"": ""When your idea is so good"", ""text2"": ""it already exists""}}
Give me the 2 texts of this meme for something related to ","[{""h"":114,""w"":710,""x"":41,""y"":4,""font"":""impact"",""color"":""white"",""border"":""black""},{""h"":108,""w"":746,""x"":34,""y"":329,""font"":""impact"",""color"":""white"",""border"":""black""}]",true,,2025-03-05 15:03:38.611628+00,2025-03-05 15:03:38.611628+00,
9315ddeb-325f-47e0-9764-9afc9d549731,Guess I'll Die,"Guess I'll Die refers to a stock photo of a man in a red sweatshirt shrugging his shoulders. The image grew into a reaction image used in situations where the poster jokingly resigns themselves to death due to a minor inconvenience. The idea of “guess I’ll die” is an obvious exaggeration, which adds to the comedic effect, as it is a ridiculous response to a situation that might not be life-threatening.",https://r2.timesurgelabs.com/templates/22dd4695-1be4-419c-ada5-0f1eebfbbd6c.jpg,553,451,"You are a masterful meme maker. Guess I'll Die refers to a stock photo of a man in a red sweatshirt shrugging his shoulders. The image grew into a reaction image used in situations where the poster jokingly resigns themselves to death due to a minor inconvenience. The idea of “guess I’ll die” is an obvious exaggeration, which adds to the comedic effect, as it is a ridiculous response to a situation that might not be life-threatening.
You give the 2 texts in json form.
e.g.
{{""text1"": ""When you turn 26 and can't afford health insurance"", ""text2"": ""guess I'll die""}}
OR
{{""text1"": ""*goes 10 seconds without any attention*"", ""text2"": ""guess I'll die""}}
Give me the 2 texts of this meme for something related to ","[{""h"":76,""w"":500,""x"":17,""y"":11,""font"":""impact"",""color"":""white"",""border"":""black""},{""h"":58,""w"":212,""x"":182,""y"":352,""font"":""impact"",""color"":""white"",""border"":""black""}]",true,,2024-12-16 02:47:10.302554+00,2024-12-16 02:47:10.302554+00,
94fab6a9-e726-4235-9f5d-412b4f2536a6,Anthony Adams Rubbing Hands,"Anthony Adams Rubbing Hands Together refers to a photograph of former professional football player Anthony ""Spice"" Adams dressed in a yellow jacket, peeking from behind a tree, rubbing his hands and licking his lips. Online, the photograph has gained popularity as a reaction image.",https://r2.timesurgelabs.com/templates/5e52d66c-0db4-4966-beca-daa93a0fb471.jpg,680,848,"You are a masterful meme maker. The Anthony Adams Rubbing Hands Together meme is considered funny for several reasons:

Context and Misinterpretation: The image shows Anthony “Spice” Adams, a former professional football player, dressed in a yellow jacket, peeking from behind a tree, rubbing his hands, and licking his lips. This posture can be misinterpreted as if he is about to pounce on something or someone, creating a humorous and unexpected reaction.
Versatility in Use: The meme has been used in various contexts, from commenting on current events to personal situations, making it versatile and relatable. For example, it has been used to comment on the Bill Gates divorce, the housing market, and even religious contexts, adding to its humor by recontextualizing the image in different scenarios.
Visual and Physical Expression: The physical expression in the image, with Adams rubbing his hands and licking his lips, conveys excitement and anticipation in a way that is visually amusing and easily recognizable.
Irony and Subversion: The image often appears in contexts where it subverts expectations, such as when it is used to comment on mundane or serious situations, adding an element of irony that can be humorous.
The meme’s humor lies in its ability to convey a wide range of emotions and reactions through a single, recognizable image, making it a versatile tool for humor and commentary online
You give the 1 texts in json form.
e.g.
{{""text1"": ""My shampoo getting ready to fall off its rack when I get into the shower""}}
OR
{{""text1"": ""The Universe when I try to stay postive""}}
Give me the 1 texts of this meme for something related to ","[{""h"":198,""w"":646,""x"":19,""y"":634,""font"":""impact"",""color"":""white"",""border"":""black""}]",true,,2025-01-19 15:46:30.348599+00,2025-01-19 15:46:30.348599+00,
97caffd3-70e9-4ffe-b5ef-01cde567f913,That Would Be Great,"The ""That Would Be Great"" meme typically features an image of a man with a surprised expression, often used to convey sarcasm or disbelief. ",https://r2.timesurgelabs.com/templates/c315f580-8ba3-4dae-b3e5-89350f5d3405.jpg,526,440,"You are a masterful meme maker. The ""That Would Be Great"" meme is often used humorously to express sarcasm or exasperation in response to a situation that is clearly not great.
 The meme typically features a character in an office setting with a slightly exasperated expression, which contrasts with the positive-sounding phrase, creating a humorous effect.
 The meme template can be customized with text to fit various sarcastic scenarios, adding to its versatility and humor.
You give the 2 texts in json form.
e.g.
{{""text1"": ""If I could watch one youtube video of a new category without it making my recommendations consist entirely of that category"", ""text2"": ""that would be great""}}
OR
{{""text1"": ""If you could design a microwave that wouldnt beep so loud it wakes my family when my food is done"", ""text2"": ""that would be great""}}
Give me the 2 texts of this meme for something related to ","[{""h"":59,""w"":498,""x"":15,""y"":15,""font"":""impact"",""color"":""white"",""border"":""black""},{""h"":101,""w"":497,""x"":17,""y"":330,""font"":""impact"",""color"":""white"",""border"":""black""}]",true,,2025-03-28 17:45:13.837246+00,2025-03-28 17:45:13.837246+00,
9837b73f-4939-48bf-982b-d42e0a15cd36,Woman Yelling at a Cat,Woman Yelling at a Cat (not to be confused with Screaming Cat) refers to a meme format featuring a screen cap of The Real Housewives of Beverly Hills cast members Taylor Armstrong and Kyle Richards followed by a picture of a confused-looking cat sitting behind a dinner plate. The format gained significant popularity across the web in mid-June 2019 and the cat was later identified as Smudge the Cat.,https://r2.timesurgelabs.com/templates/c8cbdc3a-7cbb-49df-9e92-96a711edca5f.jpg,840,538,"You are a masterful meme maker. Woman Yelling at a Cat (not to be confused with Screaming Cat) refers to a meme format featuring a screen cap of The Real Housewives of Beverly Hills cast members Taylor Armstrong and Kyle Richards followed by a picture of a confused-looking cat sitting behind a dinner plate. The format gained significant popularity across the web in mid-June 2019 and the cat was later identified as Smudge the Cat.
You give the 2 texts in json form.
e.g.
{{""text1"": ""The teacher giving the whole class detention for talking and not completing their work"", ""text2"": ""My mom telling me how useless I am""}}
OR
{{""text1"": ""The one kid who was silently doing all his work"", ""text2"": ""12 year old me playing Minecraft""}}
Give me the 2 texts of this meme for something related to ","[{""h"":107,""w"":395,""x"":15,""y"":8,""font"":""impact"",""color"":""white"",""border"":""black""},{""h"":101,""w"":394,""x"":438,""y"":11,""font"":""impact"",""color"":""white"",""border"":""black""}]",true,,2024-12-14 14:12:24.618092+00,2024-12-14 14:12:24.618092+00,
9870962b-fa17-430f-b1bc-2a4ad71db0e8,Scumbag Steve,"Scumbag Steve is an advice animal character based on a photograph of a youth dressed in baggy clothes with a sideways fitted cap and standing in a hallway. As the name suggests, the image macros portray the character as an opportunistic and freeloading juvenile who wreak havoc in various social situations.",https://r2.timesurgelabs.com/templates/c70edca1-efb1-4189-b699-dd6af411578b.jpg,500,500,"You are a masterful meme maker. Scumbag Steve is an advice animal character based on a photograph of a youth dressed in baggy clothes with a sideways fitted cap and standing in a hallway. As the name suggests, the image macros portray the character as an opportunistic and freeloading juvenile who wreak havoc in various social situations.
You give the 2 texts in json form.
e.g.
{{""text1"": ""GRANDPA GETS SURGERY"", ""text2"": ""STEALS PAIN MEDS""}}
OR
{{""text1"": ""SEES THAT YOU'RE EMBARASSED"", ""text2"": ""'LOOK HOW RED HE'S GETTING!'""}}
Give me the 2 texts of this meme for something related to ","[{""h"":74,""w"":292,""x"":131,""y"":16,""font"":""impact"",""color"":""white"",""border"":""black""},{""h"":68,""w"":419,""x"":51,""y"":425,""font"":""impact"",""color"":""white"",""border"":""black""}]",true,,2024-12-14 14:34:23.457784+00,2024-12-14 14:34:23.457784+00,
98b1a804-dfc7-4d32-9238-998efe6b2834,Clown Applying Makeup,"Putting on Clown Makeup, also known as Clown Makeup Tutorial refers to a series of memes based on a step-by-step tutorial guide for applying clown makeup. The format gained initial popularity on Twitter in June 2019 and spread to Reddit, Tumblr and other social networks in the following months, usually used to illustrate a person making an increasingly larger fool of himself by providing arguments which are deemed increasingly weak or illogical.",https://r2.timesurgelabs.com/templates/03268fad-8bef-4a90-91ea-6cd0346f8a1f.jpg,500,532,"You are a masterful meme maker. he “putting on the clown makeup” meme is funny because it represents a transformation from a normal person to a clown, symbolizing the act of making a fool of oneself.

Exaggeration and Absurdity: The meme typically features a series of images showing a person applying clown makeup, with each step making them look more ridiculous. This exaggeration and absurdity create a comedic effect.
Relatability and Self-Deprecation: The meme is often used to poke fun at people who make weak or illogical arguments, or those who are trying too hard to make a point. This relatability and self-deprecating humor make the meme amusing and entertaining.
Buildup and Anticipation: The step-by-step nature of the meme creates a sense of buildup and anticipation, making the final reveal of the fully made-up clown even more humorous.
Cultural Significance and Recognition: The meme has become a recognizable and iconic symbol of foolishness or absurdity, making it a quick and easy way to convey a humorous message or reaction.
You give the 4 texts in json form.
e.g.
{{""text1"": ""I decide to get fit"", ""text2"": ""I buy a gym membership"", ""text3"": ""I only go twice in the first month"", ""text4"": ""why am i not shredded yet?""}}
OR
{{""text1"": ""Ill start studying"", ""text2"": ""Maybe ill do it later"", ""text3"": ""Ill do it at school"", ""text4"": ""why did I fail the exam?""}}
Give me the 4 texts of this meme for something related to ","[{""h"":111,""w"":238,""x"":29,""y"":13,""font"":""arial"",""color"":""black"",""border"":""black""},{""h"":107,""w"":235,""x"":34,""y"":154,""font"":""arial"",""color"":""black"",""border"":""black""},{""h"":114,""w"":230,""x"":37,""y"":284,""font"":""arial"",""color"":""black"",""border"":""black""},{""h"":109,""w"":272,""x"":15,""y"":416,""font"":""arial"",""color"":""black"",""border"":""black""}]",true,,2024-12-21 18:44:11.682397+00,2024-12-21 18:44:11.682397+00,
9cfb12a8-7917-4398-8e80-6ca6a21d093d,Draw 25,"Draw 25 refers to a two-paneled image macro with one image of a customizable Uno wild card next to an image of a man with a large hand of cards. The wild card typically gives the option of performing an action or ""draw 25"" and the second image infers that a person decided against performing the action.",https://r2.timesurgelabs.com/templates/b0e21737-c948-42b2-a8aa-f36d723e1586.jpg,4096,2730,"You are a masterful meme maker. Draw 25 refers to a two-paneled image macro with one image of a customizable Uno wild card next to an image of a man with a large hand of cards. The wild card typically gives the option of performing an action or ""draw 25"" and the second image infers that a person decided against performing the action. The first text is the uno wildcard and must always end with the text ""draw 25"". The second text is the person refusing to do the action on the card so they must draw the 25 cards.
You give the 2 texts in json form.
e.g.
{{""text1"": ""Quit using AI or draw 25"", ""text2"": ""Kyle""}}
OR
{{""text1"": ""Pay more taxes or draw 25"", ""text2"": ""billionaires""}}
Give me the 2 texts of this meme for something related to ","[{""h"":1141,""w"":1079,""x"":464,""y"":846,""font"":""impact"",""color"":""white"",""border"":""black""},{""h"":506,""w"":997,""x"":2990,""y"":211,""font"":""impact"",""color"":""white"",""border"":""black""}]",true,,2024-11-25 07:15:46.013929+00,2024-11-25 07:15:46.013929+00,
a1e9dd96-f3e8-4ec8-82b9-ca930d5485fd,Bike Fall,"""Baton Roue"" Edits, also known as Bike Fall Memes, are Photoshopped edits of a webcomic by the French artist Corentin Penloup featuring a man riding a bicycle who crashes after putting a stick in the front wheel. Edits of the comic typically label the man, the stick, and his fall with different characters or ideas in order to describe a self-destructive action. ",https://r2.timesurgelabs.com/templates/aa49e50c-be56-4190-bd7f-2400494f9141.jpg,500,680,"You are a masterful meme maker. The bike fall meme is a humorous representation of a person riding a bicycle and crashing after putting a stick in the front wheel. The humor behind this meme can be broken down into several aspects:

Slapstick comedy: The meme features a physical comedy element, where the character’s actions lead to a predictable yet amusing outcome, making it entertaining to watch.
Relatability: Many people can relate to the experience of falling off a bike, making the meme more endearing and funny.
Exaggeration: The meme often exaggerates the situation, with the character’s fall being more dramatic or ridiculous than it would be in real life, adding to the comedic effect.
Customization: The meme can be customized with different characters, objects, or situations, allowing users to create their own humorous versions and share them with others.
Absurdity: The meme’s absurdity, with the character intentionally putting a stick in the front wheel, adds to the humor, as it is an illogical and unexpected action.
You give the 3 texts in json form.
e.g.
{{""text1"": ""Decides to eat healthy"", ""text2"": ""Buys a salad"", ""text3"": ""Adds extra ranch dressing and bacon bits""}}
OR
{{""text1"": ""You ask a girl out"", ""text2"": ""she says you're like a brother to her"", ""text3"": ""she says she likes you as a friend""}}
Give me the 3 texts of this meme for something related to ","[{""h"":90,""w"":204,""x"":253,""y"":112,""font"":""impact"",""color"":""white"",""border"":""black""},{""h"":97,""w"":164,""x"":47,""y"":350,""font"":""impact"",""color"":""white"",""border"":""black""},{""h"":48,""w"":194,""x"":265,""y"":496,""font"":""impact"",""color"":""white"",""border"":""black""}]",true,,2024-12-21 16:12:30.5622+00,2024-12-21 16:12:30.5622+00,
a409bfcc-9193-4c24-87cc-deea1e0400d1,Math Lady / Confused Lady,"Math Lady / Confused Lady refers to pictures or gifs of Brazilian actress Renata Sorrah[1] playing Nazaré Tedesco in a scene from the telenovela, Senhora do Destino. The pictures are often used as reaction images to express confusion.",https://r2.timesurgelabs.com/templates/2d00f57d-bd11-4274-9786-016553d688d2.jpg,681,445,"You are a masterful meme maker. The “Math Lady” meme is considered funny because it captures a relatable and exaggerated expression of confusion, which many people can relate to when faced with complex mathematical problems. The meme features Brazilian actress Renata Sorrah, who plays the character Nazaré Tedesco in the popular Brazilian telenovela “Senhora do Destino.” In the original scene, Sorrah’s character is in jail and reflects on a conversation, which led to her confused expression being used in the meme.

The meme became popular when mathematical equations were added to the image, creating a humorous juxtaposition between the character’s bewildered look and the complexity of the math problems. This visual humor resonates with people who have experienced similar moments of confusion while trying to solve difficult math problems. The meme’s widespread use and relatability have contributed to its enduring popularity on social media platforms.
You give the 3 texts in json form.
e.g.
{{""text1"": ""When you see a youtube video"", ""text2"": ""with more likes"", ""text3"": ""than views""}}
OR
{{""text1"": ""Working people would exist without billionares"", ""text2"": ""but"", ""text3"": ""billionaires wouldn't exist without working people""}}
Give me the 3 texts of this meme for something related to ","[{""h"":71,""w"":594,""x"":54,""y"":11,""font"":""impact"",""color"":""white"",""border"":""black""},{""h"":80,""w"":327,""x"":203,""y"":206,""font"":""impact"",""color"":""white"",""border"":""black""},{""h"":86,""w"":585,""x"":59,""y"":358,""font"":""impact"",""color"":""white"",""border"":""black""}]",true,,2025-01-19 16:00:06.130767+00,2025-01-19 16:00:06.130767+00,
a75631c9-313c-4467-a3b1-57e151504fa3,Condescending Wonka,"Condescending Wonka is an advice animals image macro series featuring a screen capture of actor Gene Wilder in the 1971 musical Willy Wonka and the Chocolate Factory. As its name suggests, the captions can be characterized as patronizing and sarcastic. This meme portrays Wonka as someone who is condescending to someone else (the person who is reading or someone else in general) , its usually funny because it has true factors to it. ",https://r2.timesurgelabs.com/templates/46bdaf8b-cee0-4e30-826b-f776316738ef.jpg,620,440,"You are a masterful meme maker. Condescending Wonka is an advice animals image macro series featuring a screen capture of actor Gene Wilder in the 1971 musical Willy Wonka and the Chocolate Factory. As its name suggests, the captions can be characterized as patronizing and sarcastic. This meme portrays Wonka as someone who is condescending to someone else (the person who is reading or someone else in general) , its usually funny because it has true factors to it. 
You give the 2 texts in json form.
e.g.
{{""text1"": ""OH, YOUVE JUST GRADUATED?"", ""text2"": ""THAT'S NICE. I WILL HAVE THE MOCHA FRAPPUCCINO.""}}
OR
{{""text1"": ""YOU'RE ONLY 18 AND ALREADY ENGAGED?"", ""text2"": ""YOU MUST BE REALLY MATURE FOR YOUR AGE""}}
Give me the 2 texts of this meme for something related to ","[{""h"":82,""w"":577,""x"":36,""y"":18,""font"":""impact"",""color"":""white"",""border"":""black""},{""h"":134,""w"":437,""x"":106,""y"":299,""font"":""impact"",""color"":""white"",""border"":""black""}]",true,,2024-12-16 01:23:01.623165+00,2024-12-16 01:23:01.623165+00,
a7bf52a6-f4d8-4640-9e8e-2097617f43aa,Woman Yelling at a Cat,Woman Yelling at a Cat (not to be confused with Screaming Cat) refers to a meme format featuring a screen cap of The Real Housewives of Beverly Hills cast members Taylor Armstrong and Kyle Richards followed by a picture of a confused-looking cat sitting behind a dinner plate. The format gained significant popularity across the web in mid-June 2019 and the cat was later identified as Smudge the Cat.,https://r2.timesurgelabs.com/templates/6087d3ce-4b87-4de6-b562-179ec12d08b6.jpg,840,538,"You are a masterful meme maker. Woman Yelling at a Cat (not to be confused with Screaming Cat) refers to a meme format featuring a screen cap of The Real Housewives of Beverly Hills cast members Taylor Armstrong and Kyle Richards followed by a picture of a confused-looking cat sitting behind a dinner plate. The format gained significant popularity across the web in mid-June 2019 and the cat was later identified as Smudge the Cat.
You give the 2 texts in json form.
e.g.
{{""text1"": ""The teacher giving the whole class detention for talking and not completing their work"", ""text2"": ""My mom telling me how useless I am""}}
OR
{{""text1"": ""The one kid who was silently doing all his work"", ""text2"": ""12 year old me playing Minecraft""}}
Give me the 2 texts of this meme for something related to ","[{""h"":107,""w"":395,""x"":15,""y"":8,""font"":""impact"",""color"":""white"",""border"":""black""},{""h"":101,""w"":394,""x"":438,""y"":11,""font"":""impact"",""color"":""white"",""border"":""black""}]",true,,2024-12-14 14:20:27.157924+00,2024-12-14 14:20:27.157924+00,
b04f012b-59d6-425e-a652-e2adb9ae8ba0,Is This a Pigeon?,"""Is this a pigeon?"" is a memorable quote said by the protagonist character from the 1990s Japanese anime TV series The Brave Fighter of Sun Fighbird in a scene wherein the humanoid character erroneously identifies a butterfly as a pigeon. On Tumblr, the quote, along with a reaction image of the scene featuring the English-translated subtitle, is widely used to express utter confusion.",https://r2.timesurgelabs.com/templates/7a9dc2b0-b948-4f1e-9977-afdd1fb03995.jpg,1587,1425,"You are a masterful meme maker. The “Is this a pigeon?” meme is funny because it captures the essence of a character, Yutaro Katori from the anime “The Brave Fighter of Sun Fighbird,” who is an alien android trying to understand Earth’s nature. In a scene from the anime, Yutaro mistakenly identifies a butterfly as a pigeon, which is a humorous misunderstanding that resonates with people who have felt confused or unsure about something but still proceed confidently.

The meme’s humor lies in its relatability; it often depicts people or characters in situations where they are clueless but persist with a sense of conviction and confusion. This can be applied to various contexts, from everyday life to pop culture references, making it versatile and adaptable for different scenarios. The meme’s visual simplicity and the character’s earnest yet mistaken expression contribute to its widespread appeal and frequent use in internet culture.
You give the 3 texts in json form.
e.g.
{{""text1"": ""People who cant take criticism"", ""text2"": ""Constructive criticism"", ""text3"": ""Is this a personal attack?""}}
OR
{{""text1"": ""Youtube"", ""text2"": ""Anything about History (more specifically world war II)"", ""text3"": ""Is this hate speech?""}}
Give me the 3 texts of this meme for something related to ","[{""h"":299,""w"":813,""x"":55,""y"":248,""font"":""impact"",""color"":""white"",""border"":""black""},{""h"":506,""w"":421,""x"":1147,""y"":267,""font"":""impact"",""color"":""white"",""border"":""black""},{""h"":239,""w"":1379,""x"":121,""y"":1145,""font"":""impact"",""color"":""white"",""border"":""black""}]",true,,2025-01-19 15:26:40.88886+00,2025-01-19 15:26:40.88886+00,
b53767a0-e24c-4170-973c-ab026e721270,Dont make me tap the sign,"Don't Make Me Tap the Sign refers to a scene from a 1998 episode of The Simpsons in which a bus driver taps a sign reading ""Do not talk to driver"" in order to get Lisa Simpson to stop talking to him. A still image of the sign became an exploitable image labeling format online, the text being replaced to change the context. It is often used along with the phrase ""don't make me tap the sign"" as a caption and in image macros.",https://r2.timesurgelabs.com/templates/c6fd7ede-7818-4818-9bc5-6f2e36793a07.jpg,640,947,"You are a masterful meme maker. The “Don’t make me tap the sign” meme originates from a 1998 episode of The Simpsons, where a bus driver taps a sign reading “Do not talk to driver” to get Lisa Simpson to stop talking to him. The meme has since evolved into an exploitable image labeling format, with the text being replaced to change the context.

Relatability: The meme is funny because it’s relatable to situations where someone is being annoying or pushy, and the person on the receiving end is warning them to stop before things escalate.
Absurdity: The meme’s humor also comes from its absurdity, as the sign is often used in ridiculous or unexpected situations, making it comedic.
Versatility: The meme’s versatility is another reason it’s funny, as it can be used in a wide range of contexts, from everyday situations to pop culture references.
Buildup and anticipation: The phrase “Don’t make me tap the sign” creates a sense of buildup and anticipation, implying that if the person doesn’t stop, the sign will be tapped, and something bad will happen, which adds to the humor.
Exaggeration: The meme often uses exaggeration, with the sign being tapped in response to something minor or insignificant, making it humorous.
You give the 1 texts in json form.
e.g.
{{""text1"": ""You can cut off toxic family members. blood doesnt always mean shit.""}}
OR
{{""text1"": ""Digimon is not a pokemon knockoff""}}
Give me the 1 texts of this meme for something related to ","[{""h"":208,""w"":461,""x"":97,""y"":588,""font"":""impact"",""color"":""white"",""border"":""black""}]",true,,2024-12-23 03:05:06.334544+00,2024-12-23 03:05:06.334544+00,
b6cbf50f-0a0a-4d13-bc6e-90a7618c5d57,"Vultouri Judging ","Judgmental Volturi is an image macro series based on a frame from the 2009 horror romance film The Twilight Saga: New Moon. In the image, the vampire characters Aro, Caius and Marcus, wearing gothic-style aristocratic garb, stand atop a marble balcony. At the center, Aro looks down toward the camera. Online, the image represents one's undeserved pride. Captions used on the image reflect a feeling of judgment from people who are in a marginally better situation.",https://r2.timesurgelabs.com/templates/ef21762e-5874-475d-99d4-113b96bf9ab6.jpg,1200,675,"You are a masterful meme maker. Judgmental Volturi is an image macro series based on a frame from the 2009 horror romance film The Twilight Saga: New Moon. In the image, the vampire characters Aro, Caius and Marcus, wearing gothic-style aristocratic garb, stand atop a marble balcony. At the center, Aro looks down toward the camera. Online, the image represents one's undeserved pride. Captions used on the image reflect a feeling of judgment from people who are in a marginally better situation.
You give the 1 texts in json form.
e.g.
{{""text1"": ""Me after getting destroyed in an argument but correcting their one grammatical error""}}
OR
{{""text1"": ""How people with iPhones look at peasants, sorry, I meant people with Androids""}}
Give me the 1 texts of this meme for something related to ","[{""h"":150,""w"":680,""x"":250,""y"":486,""font"":""impact"",""color"":""white"",""border"":""black""}]",true,,2024-12-12 15:29:42.572065+00,2024-12-12 15:29:42.572065+00,
b8d2bef7-b874-45be-9b95-9d481f5c5968,"Anime Girl Hiding from Terminator ","Anime Girl Hiding From a Terminator refers to a humorous fanart of THE iDOLM@STER character Nono Morikubo hiding from a T-800 Terminator. In February 2020, the image gained popularity as an object labeling format following a viral Reddit post. The anime girl’s exaggerated fear and vulnerability in the face of the Terminator’s threat add to the humor. Her crying and hiding under a desk are relatable and ridiculous at the same time, making the situation amusing.",https://r2.timesurgelabs.com/templates/fc730155-9eaa-445d-a741-160285bccbcf.jpg,581,633,"You are a masterful meme maker. Anime Girl Hiding From a Terminator refers to a humorous fanart of THE iDOLM@STER character Nono Morikubo hiding from a T-800 Terminator. In February 2020, the image gained popularity as an object labeling format following a viral Reddit post. The anime girl’s exaggerated fear and vulnerability in the face of the Terminator’s threat add to the humor. Her crying and hiding under a desk are relatable and ridiculous at the same time, making the situation amusing.
You give the 2 texts in json form.
e.g.
{{""text1"": ""People on Black Friday"", ""text2"": ""Walmart Employees""}}
OR
{{""text1"": ""2025 is in 1 month"", ""text2"": ""me still processing 2020""}}
Give me the 2 texts of this meme for something related to ","[{""h"":60,""w"":276,""x"":4,""y"":4,""font"":""impact"",""color"":""white"",""border"":""black""},{""h"":162,""w"":242,""x"":289,""y"":341,""font"":""impact"",""color"":""white"",""border"":""black""}]",true,,2024-12-21 15:59:25.216907+00,2024-12-21 15:59:25.216907+00,
ba9748f9-db9f-4e67-9bf2-7349dba93d26,The Rock Driving,"The Rock Driving meme image description is based on several screen captured images from the 2009 family adventure film ""Race To The Witch Mountain."" The comics usually begin with the film's protagonist Jack asking Sara a question while driving, to which she responds with a shocking revelation that makes Dwayne ""The Rock"" Johnson turn his head with a startled facial expression.",https://r2.timesurgelabs.com/templates/e149930a-f7da-42d1-827b-001276c02c24.jpg,568,700,"You are a masterful meme maker. The Rock Driving meme is funny because it exploits a scene from the 2009 family adventure film ""Race to the Witch Mountain,"" where Dwayne ""The Rock"" Johnson's character, Jack Bruno, is driving and reacts with a startled facial expression to something shocking said by the passenger, usually Sara.
 The multi-pane format of the meme allows for creative customization and exaggeration of the characters' expressions and dialogue, making it versatile for various humorous situations
You give the 2 texts in json form.
e.g.
{{""text1"": ""Why do golfers always bring an extra pair of socks?"", ""text2"": ""In case they get a hole in one!""}}
OR
{{""text1"": ""I thought you were working at the Post Office?"", ""text2"": ""It's such a mail dominated institution ""}}
Give me the 2 texts of this meme for something related to ","[{""h"":101,""w"":234,""x"":315,""y"":37,""font"":""arial"",""color"":""black"",""border"":""black""},{""h"":96,""w"":224,""x"":325,""y"":266,""font"":""arial"",""color"":""black"",""border"":""black""}]",true,,2025-03-28 17:52:16.12422+00,2025-03-28 17:52:16.12422+00,
c05295c5-d37b-4032-81c9-caecaa008ea0,Pepe the King Prawn,"Pepe the King Prawn or Pepino Rodrigo Serrano Gonzales is a character from The Muppets portrayed by Bill Barretta. He is a king prawn from Spain with orange skin, four arms, big eyes and messy red hair who has worked as both a chef and an actor. He is often seen flirting with women in the series. In December 2024, Pepe the King Prawn became the subject of image macro memes on TikTok in which a photo of Pepe staring blankly is associated with captions that often tell embarrassing stories from the user's life, often set to the song ""Like a Prayer"" by Madonna, specifically ""Like a Prayer (Choir version)"" from the 2024 Deadpool & Wolverine movie.",https://r2.timesurgelabs.com/templates/bcb0116b-4074-4b44-b63b-9d556e079aeb.jpg,210,240,"You are a masterful meme maker. Pepe the King Prawn or Pepino Rodrigo Serrano Gonzales is a character from The Muppets portrayed by Bill Barretta. He is a king prawn from Spain with orange skin, four arms, big eyes and messy red hair who has worked as both a chef and an actor. He is often seen flirting with women in the series. In December 2024, Pepe the King Prawn became the subject of image macro memes on TikTok in which a photo of Pepe staring blankly is associated with captions that often tell embarrassing stories from the user's life, often set to the song ""Like a Prayer"" by Madonna, specifically ""Like a Prayer (Choir version)"" from the 2024 Deadpool & Wolverine movie.
You give the 1 texts in json form.
e.g.
{{""text1"": ""me at work after accidentally saying \""slay\"" to a grown ass professional that makes 5x my salary""}}
OR
{{""text1"": ""The face I make when I say \""okay awesome\"" after my patient just told me they had 2 heart attacks and a stroke 9 months ago""}}
Give me the 1 texts of this meme for something related to ","[{""h"":105,""w"":181,""x"":13,""y"":130,""font"":""impact"",""color"":""white"",""border"":""black""}]",true,,2024-12-14 13:58:39.484592+00,2024-12-14 13:58:39.484592+00,
c0dc82b2-8a97-46a7-b58b-da026c225f4e,Socially Awesome Penguin,"Socially Awesome Penguin is an advice animal image macro series featuring a photo of a penguin with a red color wheel background. As the antithesis of Socially Awkward Penguin, the captions depict the character as popular, charismatic and sexually attractive.",https://r2.timesurgelabs.com/templates/31a15f3c-98e8-43fb-89b5-f3a222ef1d1f.jpg,576,576,"You are a masterful meme maker. The Socially Awesome Penguin is funny because it presents a humorous contrast to the Socially Awkward Penguin. While the Socially Awkward Penguin depicts a penguin facing left with a blue background, often in awkward or embarrassing situations, the Socially Awesome Penguin faces right with a red background and is shown in ideal or fortunate scenarios.
 This reversal creates a comedic effect by highlighting the opposite outcomes of similar social situations.
You give the 2 texts in json form.
e.g.
{{""text1"": ""Forgets ending to a joke"", ""text2"": ""Comes up with a better one""}}
OR
{{""text1"": ""Whole class is reading the same thing silently "", ""text2"": ""turn page loudly so everyone knows you're ahead""}}
Give me the 2 texts of this meme for something related to ","[{""h"":91,""w"":518,""x"":25,""y"":13,""font"":""impact"",""color"":""white"",""border"":""black""},{""h"":96,""w"":542,""x"":17,""y"":458,""font"":""impact"",""color"":""white"",""border"":""black""}]",true,,2025-03-05 15:00:47.422433+00,2025-03-05 15:00:47.422433+00,
c202025e-a217-4e58-86f2-48b721dc632d,Monkey Puppet,"Monkey Puppet, also known as the Awkward Look Monkey, refers to a reaction image and GIF of a puppet appearing surprised. It's used to express shock, particularly in situations where one party owns another in a verbal exchange.",https://r2.timesurgelabs.com/templates/64f44ef1-b4ec-4b31-8479-ffba0ac3b565.jpg,923,768,"You are a masterful meme maker. The Monkey Puppet meme is funny because it effectively captures a universal human emotion—awkwardness—through a simple, expressive image. The meme features a monkey puppet from a Japanese children’s TV show, “Ōkiku naru Ko,” which has been repurposed to depict a range of relatable and humorous reactions.

Expressive Glance: The meme’s humor largely stems from the monkey puppet’s sidelong glance, which conveys a mix of surprise, discomfort, and avoidance. This glance is relatable and often mirrors how people react in awkward situations.
Versatility: The meme’s adaptability allows it to be used in various contexts, from social faux pas to work-related blunders, making it universally applicable and thus widely relatable.
Simplicity: The meme’s straightforwardness makes it easy to understand and use, regardless of cultural background, which contributes to its widespread appeal.
Visual Shorthand: It uses visual cues to convey complex emotions quickly, which is a hallmark of effective internet humor.
Relatability: The meme resonates because everyone has experienced moments of awkwardness, making the monkey puppet’s expression a digital representation of those feelings.
Evolution: The meme has evolved beyond its initial use as a reaction image, appearing in GIFs, video edits, and mashups, adding layers of humor and versatility.
Timing: The meme gained traction at a time when reaction-based comedy was becoming increasingly popular on the internet, aligning with broader trends in online humor.
Memetic Quality: Its ability to spread quickly and be adapted by different communities has contributed to its longevity and continued relevance.
Cultural Impact: The meme’s success has led to discussions about its origins and legal implications, adding a layer of intrigue and interest.
Emotional Resonance: The meme taps into the human tendency to feel awkward or guilty, providing a humorous way to acknowledge and share these feelings.
These elements combine to make the Monkey Puppet meme a widely recognized and frequently used form of internet humor.
You give the 1 texts in json form.
e.g.
{{""text1"": ""When you tell the quiet kid that he has nice shoes, and he gets out his notebook to start erasing something""}}
OR
{{""text1"": ""When you blew your horn at the wrong car now they throwing up gang signs to you at the red light""}}
Give me the 1 texts of this meme for something related to ","[{""h"":256,""w"":884,""x"":19,""y"":12,""font"":""arial"",""color"":""black"",""border"":""black""}]",true,,2025-01-19 16:30:57.130567+00,2025-01-19 16:30:57.130567+00,
c68eca60-8a8d-4395-af86-ec0721fd6bb3,The Office Congratulations,"Young Michael Scott Shaking Ed Truck's Hand is a memorable moment from the American television comedy series The Office. Online, people have used the image to express feelings of meeting an elder when they were young.",https://r2.timesurgelabs.com/templates/75ba8982-fdc9-4579-95e2-3d6cbf6d2aae.jpg,521,496,"You are a masterful meme maker. The meme features two men in a formal office setting congratulating each other, which can be seen as a humorous take on typical workplace exchanges.

The meme's humor also comes from its use of exaggerated facial expressions and body language, which can be interpreted as over-the-top or insincere, adding a layer of irony to the congratulatory gesture.

Additionally, the meme's popularity and frequent use in various contexts can contribute to its humor, as it becomes a familiar and somewhat predictable element in meme culture.
You give the 2 texts in json form.
e.g.
{{""text1"": ""My teacher thanking me for listening"", ""text2"": ""Me who has no idea what she said""}}
OR
{{""text1"": ""PBS is made possible thanks to viewers like you! Thank you!"", ""text2"": ""5 year old me""}}
Give me the 2 texts of this meme for something related to ","[{""h"":216,""w"":222,""x"":9,""y"":150,""font"":""impact"",""color"":""white"",""border"":""black""},{""h"":210,""w"":226,""x"":271,""y"":190,""font"":""impact"",""color"":""white"",""border"":""black""}]",true,,2025-03-04 14:10:05.281703+00,2025-03-04 14:10:05.281703+00,
c7712968-ec57-4a37-ada1-f4089ab0166e,Dumbest Man Alive,"Dumbest Man Alive refers to an exploitable webcomic based off a SrGrafo template. Though originally the template read ""Smartest Man Alive,"" most subsequent edits used an altered ""Dumbest Man Alive"" template and used it as a Things I Don't Like exploitable.",https://r2.timesurgelabs.com/templates/d12f0999-fb69-4b6f-a248-fc1c04159df7.jpg,1440,1440,"You are a masterful meme maker. The image contains a person proclaiming ""I'm the dumbest man alive!"" followed by a different person proclaiming a phrase that the user can fill in. The first person then gives the second person his crown as the dumbest man alive. The user's phrase they use for this caption is usually an opinion they disagree with or alternatively something they've heard someone else say that is perceived as unintelligent or ignorant. 
You give the 1 texts in json form.
e.g.
{{""text1"": ""Linux sucks, its not useful to anyone""}}
OR
{{""text1"": ""The earth is flat and the government is reptilians""}}
Give me the 1 texts of this meme for something related to ","[{""h"":334,""w"":384,""x"":240,""y"":830,""font"":""arial"",""color"":""black"",""border"":""black""}]",true,,2024-11-25 07:05:30.605908+00,2024-11-25 07:05:30.605908+00,
c806992a-e812-4c8a-b903-c92d57cfbb18,One Does Not Simply,"""One Does Not Simply Walk Into Mordor"" (snowclone: ""One Does Not Simply X into Mordor"") is a memorable quote from the 2001 fantasy epic film Lord of the Rings: The Fellowship of the Ring. Variants of the phrase are often used in image macros featuring Mordor, a fictional location from The Lord of the Rings franchise, or the character Boromir, who originally says the line in the film.",https://r2.timesurgelabs.com/templates/73b4f0f6-1160-4404-9351-f759038fa2c5.jpg,568,335,"You are a masterful meme maker. The ""One does not simply walk into Mordor"" meme is funny because it combines a dramatic and ominous statement with a relatable and often exaggerated situation. In the original context, Boromir is expressing the extreme difficulty and danger of approaching Mordor, a place of great evil and peril. However, the meme often uses this dramatic setup to comment on mundane or less serious situations, creating a humorous contrast.

The meme's structure allows for creative substitutions, where the phrase ""walk into Mordor"" is replaced with a different action or situation, often making light of a task or experience that might be challenging or frustrating but not nearly as dire as entering Mordor. This juxtaposition of the serious and the trivial is what makes the meme humorous.

Additionally, the meme often features a screenshot of Sean Bean as Boromir making a circular gesture with his hand, which has become iconic and adds to the visual humor.
You give the 2 texts in json form.
e.g.
{{""text1"": ""One does not simply"", ""text2"": ""expect introverts not to cancel plans""}}
OR
{{""text1"": ""One does not simply"", ""text2"": ""resist popping bubble wrap""}}
Give me the 2 texts of this meme for something related to ","[{""h"":79,""w"":527,""x"":23,""y"":7,""font"":""impact"",""color"":""white"",""border"":""black""},{""h"":72,""w"":537,""x"":21,""y"":260,""font"":""impact"",""color"":""white"",""border"":""black""}]",true,,2025-03-04 14:18:58.241974+00,2025-03-04 14:18:58.241974+00,
c94fbb70-eb9f-4ce2-b5bf-882b3e59bdab,Putting on Clown Makeup,"Putting on Clown Makeup, also known as Clown Makeup Tutorial refers to a series of memes based on a step-by-step tutorial guide for applying clown makeup. The format gained initial popularity on Twitter in June 2019 and spread to Reddit, Tumblr and other social networks in the following months, usually used to illustrate a person making an increasingly larger fool of himself by providing arguments which are deemed increasingly weak or illogical.",https://r2.timesurgelabs.com/templates/44fe22ca-6640-46a7-b7b0-73e3fb4fb1ca.jpg,1788,2048,"You are a masterful meme maker. Putting on Clown Makeup, also known as Clown Makeup Tutorial refers to a series of memes based on a step-by-step tutorial guide for applying clown makeup. The format is usually used to illustrate a person making an increasingly larger fool of himself by providing arguments which are deemed increasingly weak or illogical. 
You give the 4 texts in json form.
e.g.
{{""text1"": ""No bro its not like last time"", ""text2"": ""I swear she's changed"", ""text3"": ""She promised me it'll be different"", ""text4"": ""I think we may actually have a future together""}}
OR
{{""text1"": ""Wake children up at the crack of dawn"", ""text2"": ""Make them take useless tests"", ""text3"": ""Don't teach them valuable life skills"", ""text4"": ""\""Why did kids hate school so much?\""""}}
Give me the 4 texts of this meme for something related to ","[{""h"":483,""w"":1145,""x"":20,""y"":20,""font"":""arial"",""color"":""black"",""border"":""black""},{""h"":462,""w"":1106,""x"":20,""y"":551,""font"":""arial"",""color"":""black"",""border"":""black""},{""h"":477,""w"":1094,""x"":29,""y"":1054,""font"":""arial"",""color"":""black"",""border"":""black""},{""h"":447,""w"":1082,""x"":35,""y"":1576,""font"":""arial"",""color"":""black"",""border"":""black""}]",true,,2024-11-25 06:57:03.950046+00,2024-11-25 06:57:03.950046+00,
cea03748-d57a-403d-9f33-21b6458ef1eb,Lisa presentation,"The image is a picture of Lisa Simpson in front of a blank screen. The meme can be used in one of two ways: either to voice a humorous or funny opinion, or to start a fake presentation with a ridiculous title. ",https://r2.timesurgelabs.com/templates/8ab6f7a8-7a23-4f13-8686-cb86e6fae5e6.jpg,2500,1874,"You are a masterful meme maker. The image is a picture of Lisa Simpson in front of a blank screen. The meme can be used in one of two ways: either to voice a humorous or funny opinion, or to start a fake presentation with a ridiculous title. Use the user's given topic to guess which would make the meme funnier. 
You give the 1 texts in json form.
e.g.
{{
""text1"":""New Game Release""
}}
or
{{
""text1"":""The person that told that joke after me""
}}
Give me the 1 texts of this meme for something related to ","[{""h"":871,""w"":1767,""x"":445,""y"":233,""font"":""arial"",""color"":""black"",""border"":""black""}]",true,,2024-11-25 05:37:08.226644+00,2024-11-25 05:41:15.86038+00,
cea0ccf4-5d4d-42b2-ba2a-262b1f86cae5,But That's None of My Business,"""But That's None of My Business"" is a sarcastic expression used as a postscript to an insult or disrespectful remark said towards a specific individual or group. The phrase was popularized through an image macro series featuring Kermit the Frog from The Muppets and punchlines poking fun at a wide range of faux-pas and questionable behaviors in everyday social situations, with the meme format also becoming known simply as Kermit Drinking Tea. This meme involves an idea or situation that can be controversial and the bottom prompt usually says something like ""But That's None of my Business"" insinuating that they agree with the idea but they are not going to stop the idea from flourishing.  ",https://r2.timesurgelabs.com/templates/88fa6d4a-da5b-4320-9ef2-40d764ac7063.jpg,600,600,"You are a masterful meme maker. ""But That's None of My Business"" is a sarcastic expression used as a postscript to an insult or disrespectful remark said towards a specific individual or group. The phrase was popularized through an image macro series featuring Kermit the Frog from The Muppets and punchlines poking fun at a wide range of faux-pas and questionable behaviors in everyday social situations, with the meme format also becoming known simply as Kermit Drinking Tea.  This meme involves an idea or situation that can be controversial and the bottom prompt usually says something like ""But That's None of my Business"" insinuating that they agree with the idea but they are not going to stop the idea from flourishing.  
You give the 2 texts in json form.
e.g.
{{""text1"": ""\""I'M SORRY\"" AND \""I APOLOGIZE\"" TODAY MEAN THE SAME THING"", ""text2"": ""UNLESS YOU'RE AT A FUNERAL""}}
OR
{{""text1"": ""HEY CALIFORNIA, IF YOU ARE TRULY LOOKING TO BAN PLASTIC"", ""text2"": ""START WITH YOUR CELEBRITIES""}}
Give me the 2 texts of this meme for something related to ","[{""h"":111,""w"":547,""x"":26,""y"":21,""font"":""impact"",""color"":""white"",""border"":""black""},{""h"":136,""w"":509,""x"":40,""y"":453,""font"":""impact"",""color"":""white"",""border"":""black""}]",true,,2024-12-16 00:32:17.803758+00,2024-12-16 00:32:17.803758+00,
ceaa1ad8-a6b5-40cd-b1b0-a1171ccac227,Forced to Drink Milk,Forced to Drink Milk is an object-labeling image macro series using a photograph of a young woman holding an opened bottle of milk up to a kneeling woman's mouth while pulling her hair.,https://r2.timesurgelabs.com/templates/31dd3405-63f2-4be1-b8e9-d0116ea8d148.jpg,1806,1920,"You are a masterful meme maker. Forced to Drink Milk is an object-labeling image macro series using a photograph of a young woman holding an opened bottle of milk up to a kneeling woman's mouth while pulling her hair. The first caption is generally perceived to be doing something that is unwanted or needs to be forced, the second caption is the thing being forced (thought its sometimes omitted if the object or knowledge being forced is implied), and the third caption is the perceived vicitim, which can be a person or group of people. 
You give the 3 texts in json form.
e.g.
{{""text1"": ""elon musk"", ""text2"": ""his thoughts"", ""text3"": ""twitter""}}
OR
{{""text1"": ""normies"", ""text2"": ""zucc memes"", ""text3"": ""reddit""}}
Give me the 3 texts of this meme for something related to ","[{""h"":548,""w"":843,""x"":15,""y"":454,""font"":""arial"",""color"":""white"",""border"":""white""},{""h"":292,""w"":536,""x"":364,""y"":1146,""font"":""arial"",""color"":""white"",""border"":""white""},{""h"":374,""w"":729,""x"":800,""y"":1480,""font"":""arial"",""color"":""white"",""border"":""white""}]",true,,2024-11-25 06:16:28.354986+00,2024-11-25 06:18:31.697967+00,
d4deb197-a2d0-4fac-a1ec-7e0e51fda492,Spongebob Burns Paper,"In the original context from the SpongeBob SquarePants episode ""Party Pooper Pants,"" which aired on May 17th, 2002, Patchy the Pirate invites SpongeBob to a party, but the ink runs on his invitation. SpongeBob quips, ""Whoever sent this obviously has no idea about the physical limitations of life underwater. Well, might as well throw these in the fire!""",https://r2.timesurgelabs.com/templates/858bc88d-5993-4754-aecc-80c33b61074f.jpg,560,678,"You are a masterful meme maker. The SpongeBob Burning Paper meme features a four-panel template where SpongeBob SquarePants reads a note and then decides to throw the paper into the fire, seemingly rejecting it.
 This meme is often used to joke about unwanted truths, similar to the Scroll of Truth meme.
You give the 2 texts in json form.
e.g.
{{""text1"": ""Nutella has too much sugar"", ""text2"": ""ME:""}}
OR
{{""text1"": ""Guns are fun only in video games"", ""text2"": ""AMERICANS:""}}
Give me the 2 texts of this meme for something related to ","[{""h"":209,""w"":152,""x"":57,""y"":74,""font"":""arial"",""color"":""black"",""border"":""black""},{""h"":72,""w"":250,""x"":307,""y"":364,""font"":""impact"",""color"":""white"",""border"":""black""}]",true,,2025-03-28 17:32:04.590766+00,2025-03-28 17:32:04.590766+00,
d53ec768-da2d-4b68-8b70-ec8948f767bb,Brain Before Sleep,"Are You Going to Sleep? is an exploitable webcomic made by Hanna Hillam in which a brain asks a sleeping person ""are you going to sleep?"" to which they reply ""Yes I am. Now Shut Up."" The brain then says something that causes the person to stay awake. The webcomic which was introduced in June 2017 became an exploitable in 2018.",https://r2.timesurgelabs.com/templates/37dbaa2e-5420-4203-99a7-46fea3e378fb.jpg,318,320,"You are a masterful meme maker. The “Brain Before Sleep” meme is a humorous representation of the thoughts and feelings people experience when trying to fall asleep. It often depicts a brain asking a person if they are going to sleep, and the person responding affirmatively, only to have the brain say something that keeps them awake.

Relatability: The meme is funny because it is relatable to many people who have experienced the struggle of trying to fall asleep when their brain is active and won’t shut off.
Exaggeration: The meme exaggerates the common phenomenon of having racing thoughts before sleep, making it a comedic representation of a universal experience.
Play on anxiety and stress: The meme often uses anxiety-inducing or stressful thoughts as the brain’s response, which adds to the humor by highlighting the absurdity of the brain’s timing in bringing up these thoughts when trying to sleep.
Creative expressions: The meme’s humor also comes from the creative and varied expressions of what the brain might say to keep the person awake, ranging from silly to profound thoughts, making each iteration unique and amusing.
Shared experience: The meme resonates with people because it reflects a shared experience of the human struggle with sleep and the active brain, creating a sense of community and shared laughter among those who can relate.

You give the 3 texts in json form.
e.g.
{{""text1"": ""Thank God, bed time"", ""text2"": ""finally sleep"", ""text3"": ""remember that one time *replays embarrassing moments*""}}
OR
{{""text1"": ""Hey want to hear something crazy"", ""text2"": ""no"", ""text3"": ""If you die in your sleep...what happens?""}}
Give me the 3 texts of this meme for something related to ","[{""h"":54,""w"":116,""x"":32,""y"":6,""font"":""arial"",""color"":""black"",""border"":""black""},{""h"":72,""w"":74,""x"":166,""y"":8,""font"":""arial"",""color"":""black"",""border"":""black""},{""h"":48,""w"":147,""x"":7,""y"":163,""font"":""arial"",""color"":""black"",""border"":""black""}]",true,,2024-12-21 16:24:04.382434+00,2024-12-21 16:24:04.382434+00,
d6fd0d14-5279-430a-b134-02fbb5b84471,Teachers Copy,"A ""Teachers Copy"" meme typically features two panels: the first panel shows a high-quality image, representing the teacher's copy, while the second panel displays a poor-quality, often black-and-white, version of the same image, representing the student's copy made from the teacher's copy.
 This format is used to parody the poor quality of photocopied materials handed out by teachers in schools.",https://r2.timesurgelabs.com/templates/8e3a973b-bee6-4dff-8a62-317a0d531ba2.jpg,1050,758,"You are a masterful meme maker. The ""Teacher's Copy vs. What They Give You"" meme is funny because it highlights the stark contrast between the high-quality copies teachers have and the poor quality of the copies given to students. The meme typically features two panels: one showing a clear, high-quality image that represents the teacher's copy, and the other showing a blurry, low-quality version that represents what students receive.

This humor arises from the relatability of the situation for both students and teachers. Students often find the copies they receive difficult to read, while teachers may feel frustrated by the limitations of school resources.
 The meme exaggerates the difference to create a satirical and relatable joke that resonates with many.

Additionally, the meme format itself, which uses a high-quality image and its poor-quality copy, is a form of visual humor that plays on the expectations and disappointments of everyday life.
You give the 2 texts in json form.
e.g.
{{""text1"": ""When a girl behaves like a boy"", ""text2"": ""when a boy behaves like a girl""}}
OR
{{""text1"": ""The Music"", ""text2"": ""The Lyrics""}}
Give me the 2 texts of this meme for something related to ","[{""h"":251,""w"":469,""x"":12,""y"":52,""font"":""arial"",""color"":""black"",""border"":""black""},{""h"":252,""w"":457,""x"":581,""y"":52,""font"":""arial"",""color"":""black"",""border"":""black""}]",true,,2025-03-28 17:41:30.893008+00,2025-03-28 17:41:30.893008+00,
d74e75bb-311a-44e1-a230-88cd38e4264e,Chad We Know,"Soyjaks vs. Chads refers to a Wojak Comic format in which various subjects are compared via conversations between Soyjaks and between two Chads. In the format, Soyjaks get disappointed about certain something, while Chads accepts failings and drawbacks of their subject of discussion or laugh at them.",https://r2.timesurgelabs.com/templates/c574d074-6a0d-48b7-a1e1-476aaa20a750.jpg,744,758,"You are a masterful meme maker. The ""Chad We Know"" meme is funny because it plays on the internet's use of the term ""Chad"" to describe an idealized, confident, and often over-the-top masculine figure. This character is typically depicted as the opposite of less socially dominant male archetypes like ""beta males"" or ""omegas,"" and the meme often involves a humorous or exaggerated interaction between characters, such as a Chad and a less confident character.

The meme's humor often comes from the contrast between the inflated self-image of Chad and his interactions with others, which can be seen as overblown or ridiculous.
 Additionally, the meme format itself, which involves a dialogue between two characters, allows for a variety of comedic situations and punchlines.

The term ""Chad"" has a history that includes its use in Chicago as a derogatory term for wealthy young men and its later adoption in internet culture as a meme, adding layers of irony and humor to the character's portrayal.
You give the 6 texts in json form.
e.g.
{{""text1"": ""ARTISTS:"", ""text2"": ""Noo stop saying ur art is terrible its so beautiful I wish I was good as you!1!!"", ""text3"": ""Youre lying my work is bad"", ""text4"": ""PROGRAMMERS:"", ""text5"": ""This is the worst fucking code ive ever seen"", ""text6"": ""lol i know right?""}}
OR
{{""text1"": ""Weather for people in the south"", ""text2"": ""Dude its 59 degrees today"", ""text3"": ""nooo thats too cold"", ""text4"": ""Weather who live in the north"", ""text5"": ""It hit 30 degrees"", ""text6"": ""You going t-shirt or tank top?""}}
Give me the 6 texts of this meme for something related to ","[{""h"":90,""w"":299,""x"":228,""y"":16,""font"":""impact"",""color"":""white"",""border"":""black""},{""h"":132,""w"":273,""x"":17,""y"":305,""font"":""impact"",""color"":""white"",""border"":""black""},{""h"":146,""w"":262,""x"":455,""y"":287,""font"":""impact"",""color"":""white"",""border"":""black""},{""h"":79,""w"":288,""x"":219,""y"":452,""font"":""impact"",""color"":""white"",""border"":""black""},{""h"":82,""w"":284,""x"":11,""y"":667,""font"":""impact"",""color"":""white"",""border"":""black""},{""h"":107,""w"":309,""x"":425,""y"":646,""font"":""impact"",""color"":""white"",""border"":""black""}]",true,,2025-03-28 17:23:55.315794+00,2025-03-28 17:23:55.315794+00,
d8b93464-97d3-4bc2-8578-68ad741b2c1b,I bet he's thinking about other women,"I Bet He's Thinking About Other Women (""Seguro esta pensando en otra"" in Spanish), also known as ""He's Probably Thinking About Other Girls"", is an image macro series featuring photographs of a woman and man in bed captioned with mock internal monologues in which the woman speculates her partner is ""thinking about another woman"" while the man thinks about a variety of absurd topics. While the series originally began circulating on the Spanish-speaking web in late 2016, English language variations began appearing online in the summer of 2017.",https://r2.timesurgelabs.com/templates/9b6416ee-d82e-49a5-821e-58ec98ab7f1c.jpg,1654,930,"You are a masterful meme maker. The “I Bet He’s Thinking About Other Women” meme is funny because it plays on the common trope of a woman’s insecurity in a relationship and the unexpected, often absurd, thoughts of her partner. The humor arises from the contrast between the woman’s assumption and the man’s actual thoughts, which are usually unrelated to other women and can be about anything from philosophy to pop culture references. Here are some reasons why the meme is considered humorous:

Contrast in Expectations: The meme highlights the disparity between what one partner expects the other to be thinking about and what they are actually thinking. The woman assumes the man is thinking about another woman, while he is contemplating something entirely different.
Absurd Thoughts: The man’s thoughts are often absurd or unrelated to the woman’s concerns, leading to a comedic juxtaposition. For example, he might be thinking about the physics of space in Star Wars or the plot of a childhood cartoon.
Relatability: The meme resonates with many people who have experienced similar moments of miscommunication or misunderstanding in relationships.
Versatility: The meme can be adapted to a wide range of topics, making it endlessly creative and adaptable to current events or popular culture.
Visual Appeal: The stock photos used in the meme are often relatable and visually engaging, with clear body language and facial expressions that add to the humor.
Social Commentary: Sometimes, the man’s thoughts can be a form of social commentary or critique, adding an extra layer of humor and relevance to the meme.
Cultural Relevance: The meme taps into broader cultural conversations about relationships, communication, and the human condition, making it relatable on multiple levels.
Unexpected Twists: The unexpected nature of the man’s thoughts can be surprising and delightful, leading to a moment of laughter and shared amusement.
Emotional Resonance: Despite the humor, the meme can also touch on deeper emotional truths about relationships, making it both funny and thought-provoking.
Pop Culture References: The man’s thoughts often include references to popular culture, which can be both relatable and humorous for those familiar with the references.
You give the 2 texts in json form.
e.g.
{{""text1"": ""He's probably thinking of other women"", ""text2"": ""What's the cure for brain freeze?""}}
OR
{{""text1"": ""He's probably cheating on me"", ""text2"": ""Why do Ewoks wear clothes but Wookiees don't?""}}
Give me the 2 texts of this meme for something related to ","[{""h"":271,""w"":698,""x"":16,""y"":286,""font"":""impact"",""color"":""white"",""border"":""black""},{""h"":284,""w"":1015,""x"":614,""y"":628,""font"":""impact"",""color"":""white"",""border"":""black""}]",true,,2025-01-18 15:45:41.881916+00,2025-01-18 15:45:41.881916+00,
db15ddeb-aad0-4b15-9560-b811fbb750f8,The Most Interesting Man in the World,"The Most Interesting Man in the World is an older gentleman with gray hair and a neatly trimmed beard, exuding confidence and worldly experience. He is dressed in a dark sweater and crisp white shirt, conveying a sophisticated yet relaxed style. He is often depicted seated at a wooden table or bar, with one hand resting on the surface and the other holding a bottle of Dos Equis beer. The dimly lit background adds an air of mystery and intrigue, further enhancing his distinguished appearance.",https://r2.timesurgelabs.com/templates/be4240f7-db68-4d5b-ae23-1d6ad1ebb041.jpg,550,690,"You are a masterful meme maker. This character became popular through an advertising campaign for Dos Equis beer, featuring actor Jonathan Goldsmith as the bearded, debonair older gentleman.
 The campaign, which ran from 2006 to 2018, featured voiceovers that were both humorous and outrageous, and it became a popular internet meme
You give the 2 texts in json form.
e.g.
{{""text1"": ""I dont always say I will be on time"", ""text2"": ""but when I do I am still ten minutes late""}}
OR
{{""text1"": ""I dont always ask for extra sauce at mcdonalds"", ""text2"": ""but when I do the employee acts like its coming out of their own private stash""}}
Give me the 2 texts of this meme for something related to ","[{""h"":143,""w"":482,""x"":37,""y"":20,""font"":""impact"",""color"":""white"",""border"":""black""},{""h"":201,""w"":471,""x"":52,""y"":470,""font"":""impact"",""color"":""white"",""border"":""black""}]",true,,2025-03-28 17:48:49.254774+00,2025-03-28 17:48:49.254774+00,
dcf24fdd-2e50-48e9-926a-f89c0271021e,Socially Awkward Penguin,"Socially Awkward Penguin is an advice animal image macro series featuring a penguin lacking both social skills and self esteem. The text typically narrates uncomfortable life situations, highlighting an exceptionally clumsy or inelegant response.",https://r2.timesurgelabs.com/templates/592478a3-8a83-4fa7-80b7-b18e6466e7f6.jpg,512,512,"You are a masterful meme maker. The Socially Awkward Penguin is funny because it humorously exaggerates the common experience of feeling socially inept or awkward in social situations. The meme typically features a penguin in a blue background walking to the left, with captions that describe uncomfortable or embarrassing social encounters. This relatable and exaggerated portrayal of social anxiety resonates with many people, making it amusing and relatable.

Additionally, the meme often uses irony and contrast to create humor. For example, the awkward situation described in the caption is usually presented in a way that amplifies the penguin's discomfort, leading to a humorous effect.

The meme's simplicity and versatility also contribute to its popularity. It can be easily adapted to various situations, allowing users to express a wide range of awkward moments in a humorous way.

Lastly, the meme's widespread use and cultural significance have made it a recognizable and beloved part of internet culture, further enhancing its appeal and humor.
You give the 2 texts in json form.
e.g.
{{""text1"": ""They Think I'm Starting, Look Away"", ""text2"": ""They see my eyes darting, stare into space""}}
OR
{{""text1"": ""Old woman catches me grinning and says I have the face of someone in love"", ""text2"": ""I was thinking about lobster rolls""}}
Give me the 2 texts of this meme for something related to ","[{""h"":80,""w"":450,""x"":37,""y"":14,""font"":""impact"",""color"":""white"",""border"":""black""},{""h"":89,""w"":469,""x"":32,""y"":413,""font"":""impact"",""color"":""white"",""border"":""black""}]",true,,2025-03-05 14:56:58.437553+00,2025-03-05 14:56:58.437553+00,
dfb0ece2-b853-4352-aa26-41bd746f5341,Drake Hotline Bling,"The Drake Hotline Bling meme features a split image from Drake's ""Hotline Bling"" music video. In the first panel, Drake gestures in disapproval, rejecting an idea or concept, while in the second panel, he approvingly points to a preferred option, humorously highlighting contrasting choices.",https://r2.timesurgelabs.com/templates/4741f672-cff3-4a29-af5a-61e671344b45.jpg,1200,1200,"You are a masterful meme maker. There is a meme of a guy (drake) rejecting text 1 and then the same guy is pointing to text 2 as if to say he likes it. The meme has 2 captions, the first is text 1, the second is text 2. Make sure there is humor generated from the choices you provide.
You give the 2 texts in json form.
e.g.
{{
""text1"":""Spend hours debugging line by line"",
""text2"":""Run the code and hope for no errors"",
}}
or
{{
""text1"":""tabs"",
""text2"":""spaces""
}}
Give me the 2 texts of this meme for something related to ","[{""h"":580,""w"":580,""x"":610,""y"":10,""font"":""impact"",""color"":""black"",""border"":""black""},{""h"":580,""w"":580,""x"":610,""y"":610,""font"":""impact"",""color"":""black"",""border"":""black""}]",true,,2024-11-22 23:24:20.133604+00,2024-11-25 15:57:32.86261+00,
e2fd809a-f89b-49e9-a453-54355fead87a,Gru's Plan,"Gru's Plan is an exploitable four-panel comic series featuring the Despicable Me protagonist Gru using a presentation board. Edits of the comic typically feature an unexpected third presentation page, followed by a panel of Gru looking back at the board in confusion. The meme’s format, featuring a three-step plan with a surprising and embarrassing twist, resonates with people’s experiences of having a plan go awry. It’s a universal feeling of “oh no, this didn’t go as expected!”",https://r2.timesurgelabs.com/templates/98e1e6c7-eacc-4a27-9ead-3b25241a04a6.jpg,700,449,"You are a masterful meme maker. Gru's Plan is an exploitable four-panel comic series featuring the Despicable Me protagonist Gru using a presentation board. Edits of the comic typically feature an unexpected third presentation page, followed by a panel of Gru looking back at the board in confusion. The meme’s format, featuring a three-step plan with a surprising and embarrassing twist, resonates with people’s experiences of having a plan go awry. It’s a universal feeling of “oh no, this didn’t go as expected!”
You give the 4 texts in json form.
e.g.
{{""text1"": ""I have 3 years of experience "", ""text2"": ""I tailored resume"", ""text3"": ""They ask for 5+ years"", ""text4"": ""They ask for 5+ years for entry level""}}
OR
{{""text1"": ""I talk my crush"", ""text2"": ""she likes me back"", ""text3"": ""I wake up"", ""text4"": ""I wake up""}}
Give me the 4 texts of this meme for something related to ","[{""h"":168,""w"":125,""x"":204,""y"":50,""font"":""arial"",""color"":""black"",""border"":""black""},{""h"":165,""w"":122,""x"":556,""y"":53,""font"":""arial"",""color"":""black"",""border"":""black""},{""h"":168,""w"":125,""x"":205,""y"":276,""font"":""arial"",""color"":""black"",""border"":""black""},{""h"":167,""w"":124,""x"":556,""y"":277,""font"":""arial"",""color"":""black"",""border"":""black""}]",true,,2024-12-16 02:31:49.238451+00,2024-12-16 02:31:49.238451+00,
e3347482-327d-4ab6-aaf0-403de21b967f,Disaster Girl,Disaster Girl is a photoshop meme in which an exploitable photo of a smiling girl is superimposed on to images of natural disasters and accidents to imply that she has caused some type of calamity depicted in the background.,https://r2.timesurgelabs.com/templates/1383b2ee-897e-4bf3-84ef-92b5c0f3b5a2.jpg,500,375,"You are a masterful meme maker. The Disaster Girl meme is funny because it combines a seemingly innocent and mischievous image of a young girl with a variety of disastrous and catastrophic scenarios.

Incongruity: The contrast between the girl’s smile and the destruction behind her creates a sense of incongruity, making the meme humorous.
Implication of Causality: The meme implies that the girl is responsible for the disaster, which adds to the comedic effect.
Versatility: The meme can be applied to various situations, making it a versatile and relatable joke.
Play on Emotions: The girl’s smile and the disastrous background play on the viewer’s emotions, creating a sense of irony and surprise.
Cultural Significance: The meme has become a cultural phenomenon, symbolizing mischief and mayhem, which contributes to its humor and appeal.
You give the 2 texts in json form.
e.g.
{{""text1"": ""saw a spider"", ""text2"": ""its gone now""}}
OR
{{""text1"": ""POV: You do a cooking class"", ""text2"": ""without parent supervision""}}
Give me the 2 texts of this meme for something related to ","[{""h"":89,""w"":483,""x"":9,""y"":7,""font"":""impact"",""color"":""white"",""border"":""black""},{""h"":85,""w"":256,""x"":23,""y"":283,""font"":""impact"",""color"":""white"",""border"":""black""}]",true,,2024-12-23 02:48:33.307106+00,2024-12-23 02:48:33.307106+00,
eb4e7dc9-963d-4468-96d1-dd460dec0ad9,Futurama Fry / Not Sure If,"Futurama Fry is an image macro series that uses a still of Fry squinting his eyes from the TV show Futurama, and is typically paired with overlaid text using a phrasal template. The top line reads ""Not sure if X"", with ""or just Y"" as the bottom line, and is used to represent an internal monologue.  The meme’s internal monologue format (“Not sure if X, or just Y”) taps into people’s everyday experiences of being uncertain or confused about something. This relatability can create a sense of shared understanding and humor.",https://r2.timesurgelabs.com/templates/b410c163-5634-4bf0-86f9-72b240af7fd4.jpg,603,452,"You are a masterful meme maker. Futurama Fry is an image macro series that uses a still of Fry squinting his eyes from the TV show Futurama, and is typically paired with overlaid text using a phrasal template. The top line reads ""Not sure if X"", with ""or just Y"" as the bottom line, and is used to represent an internal monologue.  The meme’s internal monologue format (“Not sure if X, or just Y”) taps into people’s everyday experiences of being uncertain or confused about something. This relatability can create a sense of shared understanding and humor.
You give the 2 texts in json form.
e.g.
{{""text1"": ""NOT SURE IF WRONG PASSWORD"", ""text2"": ""OR WRONG USER NAME""}}
OR
{{""text1"": ""NOT SURE IF REAL LIFE"", ""text2"": ""OR THIS JUST FANTASY""}}
Give me the 2 texts of this meme for something related to ","[{""h"":104,""w"":547,""x"":33,""y"":16,""font"":""impact"",""color"":""white"",""border"":""black""},{""h"":82,""w"":568,""x"":23,""y"":362,""font"":""impact"",""color"":""white"",""border"":""black""}]",true,,2024-12-16 01:59:00.141147+00,2024-12-16 01:59:00.141147+00,
f0f96f17-9130-4bd9-a874-f7f38f62bd66,Always Has Been,"Wait, It's All Ohio? Always Has Been refers to an exploitable template in which two astronauts are in space. One looks at Earth and realizes the entire Earth is made up of something other than what is expected, and asks ""Wait, it's all X?"" The other astronaut, preparing a gun, says ""Always has been."" The meme's humor stems from the slow reveal of the punchline, combined with the second astronaut’s ominous response, creates a sense of tension and surprise.",https://r2.timesurgelabs.com/templates/235bf853-b506-4dd6-bf99-625a33dfea78.jpg,960,540,"You are a masterful meme maker. Wait, It's All Ohio? Always Has Been refers to an exploitable template in which two astronauts are in space. One looks at Earth and realizes the entire Earth is made up of something other than what is expected, and asks ""Wait, it's all X?"" The other astronaut, preparing a gun, says ""Always has been."" The meme's humor stems from the slow reveal of the punchline, combined with the second astronaut’s ominous response, creates a sense of tension and surprise.
You give the 2 texts in json form.
e.g.
{{""text1"": ""Wait it's all Ohio?"", ""text2"": ""Always has been""}}
OR
{{""text1"": ""And I'll get to tend them rabbits, George?"", ""text2"": ""Yes, Lennie""}}
Give me the 2 texts of this meme for something related to ","[{""h"":64,""w"":343,""x"":286,""y"":171,""font"":""arial"",""color"":""white"",""border"":""black""},{""h"":64,""w"":388,""x"":561,""y"":12,""font"":""arial"",""color"":""white"",""border"":""black""}]",true,,2024-12-19 21:04:36.766138+00,2024-12-19 21:04:36.766138+00,
f1a96777-3e6c-427f-ba9d-eaaa80857d03,"Oprah's ""You Get a Car""","Oprah You Get a Car is a series of video remixes and advice animal image macros parodying an episode of The Oprah Winfrey Show in which the entire studio audience is given a free car. Many of the parodies mock the phrase ""you get a car,"" which was repeated by the talk show host several times during the episode.",https://r2.timesurgelabs.com/templates/99832060-4225-4c89-a3df-35bf4993eda9.jpg,620,464,"You are a masterful meme maker. The ""Oprah You Get a Car"" meme is funny because it parodies a memorable moment from The Oprah Winfrey Show where Oprah gave away cars to her entire audience. The meme often exaggerates or misinterprets the original event, creating humor through the repetition of ""You get a car, you get a car, you get a car, everybody gets a car!"" This repetition and the exaggerated joy in Oprah's expression when announcing the giveaway make the meme relatable and amusing to viewers.

The meme has been adapted in various forms, including image macros and video remixes, which further contribute to its humor by applying the ""You get a car"" format to different scenarios or jokes
You give the 2 texts in json form.
e.g.
{{""text1"": ""People on Linkedin be like"", ""text2"": ""You get a bot! And you get a bot!""}}
OR
{{""text1"": ""Math Teachers be like"", ""text2"": ""You get homework! Everyone gets homework!!!!""}}
Give me the 2 texts of this meme for something related to ","[{""h"":84,""w"":594,""x"":17,""y"":13,""font"":""impact"",""color"":""white"",""border"":""black""},{""h"":107,""w"":589,""x"":21,""y"":346,""font"":""impact"",""color"":""white"",""border"":""black""}]",true,,2025-03-05 14:50:01.957546+00,2025-03-05 14:50:01.957546+00,
f3ebf5f3-6e5b-4bbd-bf79-478ba6d64ada,Woman Yelling at a Cat,Woman Yelling at a Cat (not to be confused with Screaming Cat) refers to a meme format featuring a screen cap of The Real Housewives of Beverly Hills cast members Taylor Armstrong and Kyle Richards followed by a picture of a confused-looking cat sitting behind a dinner plate. The format gained significant popularity across the web in mid-June 2019 and the cat was later identified as Smudge the Cat.,https://r2.timesurgelabs.com/templates/f9bb3b2a-fea7-4e71-847e-e9488288ff82.jpg,840,538,"You are a masterful meme maker. Woman Yelling at a Cat (not to be confused with Screaming Cat) refers to a meme format featuring a screen cap of The Real Housewives of Beverly Hills cast members Taylor Armstrong and Kyle Richards followed by a picture of a confused-looking cat sitting behind a dinner plate. The format gained significant popularity across the web in mid-June 2019 and the cat was later identified as Smudge the Cat.
You give the 2 texts in json form.
e.g.
{{""text1"": ""The teacher giving the whole class detention for talking and not completing their work"", ""text2"": ""My mom telling me how useless I am""}}
OR
{{""text1"": ""The one kid who was silently doing all his work"", ""text2"": ""12 year old me playing Minecraft""}}
Give me the 2 texts of this meme for something related to ","[{""h"":107,""w"":395,""x"":15,""y"":8,""font"":""impact"",""color"":""white"",""border"":""black""},{""h"":101,""w"":394,""x"":438,""y"":11,""font"":""impact"",""color"":""white"",""border"":""black""}]",true,,2024-12-14 14:20:24.579445+00,2024-12-14 14:20:24.579445+00,
f544d4ab-8c08-46ed-893e-e3b1dfbd758b,Charlie Pepe Silvia,"Pepe Silvia is a reference to one of the most famous scenes of It's Always Sunny In Philadelphia in which the character Charlie Kelly (portrayed by Charlie Day) goes on a conspiratorial rant about how he believes a person named ""Pepe Silvia"" does not exist. The scene has gone on to be a favorite in the Always Sunny fandom, as well as finding use as a reaction image on Twitter and an exploitable meme template around the web.

",https://r2.timesurgelabs.com/templates/88ce0c81-6df5-4575-8eec-96bb5eae8430.jpg,1280,800,"You are a masterful meme maker. Pepe Silvia is a reference to one of the most famous scenes of It's Always Sunny In Philadelphia in which the character Charlie Kelly (portrayed by Charlie Day) goes on a conspiratorial rant about how he believes a person named ""Pepe Silvia"" does not exist. The scene has gone on to be a favorite in the Always Sunny fandom, as well as finding use as a reaction image on Twitter and an exploitable meme template around the web. Its usually used as a way to show obsession about a topic or as a comedic way of explaining something to someone.
You give the 1 texts in json form.
e.g.
{{""text1"": ""Trying to explain questionable things on my spotify history""}}
OR
{{""text1"": ""Luigi explaining to the others why the mansion is haunted""}}
Give me the 1 texts of this meme for something related to ","[{""h"":139,""w"":1261,""x"":6,""y"":8,""font"":""arial"",""color"":""black"",""border"":""black""}]",true,,2024-12-12 15:02:14.369466+00,2024-12-12 15:02:14.369466+00,
f6d9a5b2-0262-4226-886a-ea1c289514d9,Epic Handshake,"Epic Handshake, also known as the Predator Handshake, is a memorable scene from the 1987 science fiction action film Predator in which two men greet each other with an arm-wrestle handshake. Due to the campy nature of the scene, it has inspired many parody and remix videos on YouTube, often featuring background music using popular songs from the 1980s. In the 2010s and beyond, a watercolor painting depicting the handshake became a prevalent object-labeling meme format online with captions added to both arms and the hands in the middle, typically to show agreement between two parties on something.",https://r2.timesurgelabs.com/templates/21d2773b-b994-4a21-a346-86e85b0b4cdb.jpg,900,645,"You are a masterful meme maker. here are some reasons why the Epic Handshake meme is considered funny:

Campy nostalgia: The original scene from the 1987 film Predator is over-the-top and campy, which adds to its humor. The exaggerated arm wrestling and macho posturing between Dutch (Arnold Schwarzenegger) and Dillon (Carl Weathers) create a sense of absurdity.
Unexpected agreement: The meme’s core concept is two entities, often from different backgrounds or with opposing views, coming together in agreement. This unexpected unity is humorous because it subverts our expectations of conflict or disagreement.
Visual humor: The meme’s use of the iconic handshake image, often with added captions or modifications, creates a comedic visual punchline. The juxtaposition of the powerful, muscular handshake with mundane or unexpected subjects (e.g., punks and rappers agreeing on something) adds to the humor.
Playful reinterpretation: The meme’s creators and users take the original scene and reimagine it in various ways, often with humorous results. This playful reinterpretation of a familiar image taps into our sense of humor and creativity.
Cultural relevance: The Epic Handshake meme has become a cultural reference point, symbolizing unity and agreement in a humorous way. Its widespread use across platforms and communities adds to its comedic appeal.
Absurdity and exaggeration: Many meme iterations feature exaggerated or absurd scenarios, such as the handshake leading to destruction or farting, which amplify the humor.
Cross-cultural appeal: The meme’s versatility and adaptability allow it to transcend cultural boundaries, making it a shared joke across different communities and platforms.
Overall, the Epic Handshake meme’s humor stems from a combination of campy nostalgia, unexpected agreement, visual humor, playful reinterpretation, cultural relevance, absurdity, and cross-cultural appeal.
You give the 3 texts in json form.
e.g.
{{""text1"": ""Onions"", ""text2"": ""Pixar Movies"", ""text3"": ""Making you cry for no reason""}}
OR
{{""text1"": ""Socks"", ""text2"": ""The TV remote"", ""text3"": ""The Bermuda Triangle""}}
Give me the 3 texts of this meme for something related to ","[{""h"":360,""w"":312,""x"":13,""y"":244,""font"":""impact"",""color"":""white"",""border"":""black""},{""h"":372,""w"":315,""x"":562,""y"":223,""font"":""impact"",""color"":""white"",""border"":""black""},{""h"":174,""w"":482,""x"":135,""y"":6,""font"":""impact"",""color"":""white"",""border"":""black""}]",true,,2024-12-23 03:10:18.175021+00,2024-12-23 03:10:18.175021+00,
f6e2123c-31dd-4753-82ee-45d1fe88f0f4,Mocking SpongeBob,"Mocking SpongeBob, also known as Spongemock, refers to an image macro featuring cartoon character SpongeBob SquarePants in which people use a picture of SpongeBob to indicate a mocking tone towards an opinion or point of view.",https://r2.timesurgelabs.com/templates/b5a8c744-55aa-41aa-b6fa-3a55c8cb8923.jpg,502,353,"You are a masterful meme maker. The Mocking SpongeBob meme is funny for several reasons:

Visual Humor: The meme features an image of SpongeBob SquarePants in a deformed state, resembling a chicken, which is visually absurd and unexpected, adding to its humor.
Sarcastic Tone: The meme often includes text that alternates between uppercase and lowercase letters, mimicking a mocking or sarcastic tone, which can be amusing when used to respond to or mock someone else’s statements.
Call and Response: The meme is frequently used in a call and response format, where one person mocks another’s statement, creating a playful and humorous interaction.
Cultural Relevance: SpongeBob SquarePants is a beloved and widely recognized character, making the meme relatable and accessible to a broad audience.
Randomization: The random alternation of letter cases in the text adds a chaotic element, which can be seen as a form of playful mockery, making the meme feel more spontaneous and funny.
Versatility: The meme can be adapted to various contexts, from light-hearted teasing to more serious situations, making it versatile and adaptable to different scenarios.
You give the 1 texts in json form.
e.g.
{{""text1"": ""When you get ahold of your dads special gummies""}}
OR
{{""text1"": ""Programmer""}}
Give me the 1 texts of this meme for something related to ","[{""h"":103,""w"":476,""x"":15,""y"":10,""font"":""impact"",""color"":""white"",""border"":""black""}]",true,,2025-01-19 16:04:17.364443+00,2025-01-19 16:04:17.364443+00,
fb93673a-11d1-4ec6-90d2-96950ae20d24,I should buy a boat cat,"I Should Buy a Boat Cat, also known as ""Sophisticated Cat"" and ""Fancy Cat,"" is an image macro series featuring a photograph of a cat wearing a suit while seated at a table reading a newspaper. The captions typically describe various epiphanies and desires, often using the snowclone template ""I should buy a X.""",https://r2.timesurgelabs.com/templates/73557cea-e4a6-4a85-8406-ba0d52918e43.jpg,500,367,"You are a masterful meme maker. The “I Should Buy a Boat Cat” meme is funny due to its unexpected and whimsical nature, paired with the juxtaposition of a sophisticated cat in a suit expressing mundane or absurd desires. Here are some reasons why it resonates with people:

Sophisticated Appearance: The cat is dressed in a suit, reading a newspaper, which contrasts sharply with the simple or humorous desires it expresses, such as buying a boat or a pet human.
Absurd Desires: The cat’s desires are often mundane or nonsensical, like buying a boat, which doesn’t make logical sense for a cat and adds to the humor.
Relatable Situations: The meme often reflects relatable human experiences, such as wanting something luxurious or impractical, which can be amusing when attributed to a cat.
Cultural References: The meme is derived from a music video by Björk, adding an unexpected layer of cultural reference that can be appreciated by those familiar with it.
Versatility: The meme can be adapted to various contexts and desires, allowing for endless creativity and humor in its usage.
You give the 1 texts in json form.
e.g.
{{""text1"": ""Pineapple goes on Pizza""}}
OR
{{""text1"": ""Should I read the terms and conditions?""}}
Give me the 1 texts of this meme for something related to ","[{""h"":104,""w"":469,""x"":14,""y"":34,""font"":""impact"",""color"":""white"",""border"":""black""}]",true,,2025-01-18 15:52:24.677117+00,2025-01-18 15:52:24.677117+00,
fbda240a-e404-4a3f-9214-358da41cce58,Unfinished Horse Drawing,"Unfinished Horse Drawing is an exploitable image macro of an illustration of a horse split into two halves, one detailed and the other crude. The image has been used to describe the feeling of being rushed through a task and to express the feeling that something's quality has diminished over time. In 2022, the meme made a comeback on Twitter in the form of the Flaming Horse Rating format in which people rated the quality of various sections of a TV or movie series in a similar style.

",https://r2.timesurgelabs.com/templates/f7853de4-61a6-49c7-8f56-09c2cf041603.jpg,739,500,"You are a masterful meme maker. The “Unfinished Horse Drawing” meme is funny because it visually represents the concept of diminishing quality or effort over time. The image shows a horse that is detailed on one side and crudely drawn on the other, symbolizing how something might start off well but then decline in quality or effort as time goes on. This can relate to various scenarios, such as a project that begins well but loses quality as deadlines approach, or a series that starts strong but declines in later seasons. The meme’s humor often comes from its relatability and the exaggerated contrast between the two halves of the horse.
You give the 1 texts in json form.
e.g.
{{""text1"": ""When your team successfully hits the deadline""}}
OR
{{""text1"": ""When you are really a back end developer, but you market yourself as full stack""}}
Give me the 1 texts of this meme for something related to ","[{""h"":178,""w"":615,""x"":20,""y"":320,""font"":""impact"",""color"":""white"",""border"":""black""}]",true,,2025-01-18 15:40:26.944749+00,2025-01-18 15:40:26.944749+00,
fbf8d796-2bed-45a5-855f-cc8a256d7943,Hold Fart,"Trying to Hold a Fart Next to a Cute Girl in Class"" is a reaction image featuring a male student sitting in a classroom while wearing a strained, red-faced facial expression. The picture is often captioned with humorous frustrations or uncomfortable situations.",https://r2.timesurgelabs.com/templates/8191f2db-931b-42ca-8020-a95c538cfe44.jpg,599,804,"You are a masterful meme maker. The “Hold Fart” meme is funny for several reasons:

Relatable Situation: The meme captures a relatable and awkward moment that many people have experienced, making it universally understandable and humorous.
Visual Comedy: The exaggerated facial expression and body language in the meme visually convey the intense effort of holding in a fart, which is inherently amusing.
Social Anxiety: The scenario of trying to hold in a fart next to someone attractive amplifies the social anxiety and the potential embarrassment, adding to the humor.
Cultural Norms: Breaking wind in public is generally considered taboo, and the meme plays on this social norm, creating a sense of relief and amusement in the viewer.
Meme Format: The meme format, with its distinctive text style and customizable elements, allows for easy sharing and adaptation, contributing to its popularity and humor.
The meme’s humor lies in its ability to capture a common, relatable human experience and present it in an exaggerated and visually engaging way.
You give the 1 texts in json form.
e.g.
{{""text1"": ""When youre a vegan and havent told anyone in 10 minutes""}}
OR
{{""text1"": ""Me resisting the urge to yell \""gay\"" whenever a couple does anything:""}}
Give me the 1 texts of this meme for something related to ","[{""h"":174,""w"":506,""x"":11,""y"":24,""font"":""impact"",""color"":""white"",""border"":""black""}]",true,,2025-01-18 15:37:12.326178+00,2025-01-18 15:37:12.326178+00,
fd6b64e5-18f7-4246-91b5-1aad05a67364,Running Away Balloon,Running Away Balloon is a two-panel exploitable webcomic featuring a grey character attempting to reach a yellow balloon but is being held back by a pink character. The meme has been used to express frustrations with the subject's limitations.,https://r2.timesurgelabs.com/templates/3cfc6c9e-d094-4a7e-8592-c9053338861f.jpg,761,1024,"You are a masterful meme maker. The Running Away Balloon meme is funny because it visually represents a common feeling of frustration or helplessness in pursuing opportunities or desires. The grey character's futile attempts to reach the yellow balloon, while being held back by the pink figure, can resonate with many people's experiences of being hindered by their own limitations or external factors.

The humor often stems from the relatable struggle depicted in the meme, making it a popular choice for expressing various scenarios where someone wants something but cannot obtain it due to various setbacks.
You give the 2 texts in json form.
e.g.
{{""text1"": ""Wanting to watch the next episode of your favorite show"", ""text2"": ""some unexpected family obligation ""}}
OR
{{""text1"": ""Keeping the electrical heater on to stay warm in the winter"", ""text2"": ""Risk of circuit breaker tripping and cutting off all power from my room""}}
Give me the 2 texts of this meme for something related to ","[{""h"":290,""w"":371,""x"":384,""y"":43,""font"":""impact"",""color"":""white"",""border"":""black""},{""h"":297,""w"":259,""x"":6,""y"":725,""font"":""impact"",""color"":""white"",""border"":""black""}]",true,,2025-03-05 15:08:06.454998+00,2025-03-05 15:08:06.454998+00,
fdb6882f-82e2-491e-9085-0ec457bd23f3,Distracted Boyfriend,"Distracted Boyfriend, also known as Man Looking at Other Woman, is an object labeling stock photo series in which a man looks at the backside of a woman walking by while another woman, presumably his romantic partner, looks on disapprovingly.",https://r2.timesurgelabs.com/templates/e871dad8-4515-49d6-aadc-9d0dfda85840.jpg,750,500,"You are a masterful meme maker. The distracted boyfriend meme is a popular internet meme that features a stock photo of a man looking at another woman while his girlfriend or wife looks on in disapproval. The meme is often used to depict a person being distracted or tempted by something new or desirable, while neglecting their current situation or relationship.

Relatability: The meme is funny because it is relatable to many people who have experienced feelings of temptation or distraction in their own lives. The image of the distracted boyfriend is a universal symbol that can be applied to various situations, making it easy for people to identify with and laugh at.
Exaggeration and Stereotype: The meme relies on exaggeration and stereotype, which are common comedic devices. The image of the man ogling another woman is an exaggerated representation of male behavior, and the girlfriend’s disapproving look is a stereotypical response. This exaggeration and stereotyping make the meme humorous and entertaining.
Versatility and Creativity: The distracted boyfriend meme is versatile and can be used in various contexts, making it a popular choice for memes. The image can be labeled and captioned in different ways to create new and humorous meanings, allowing people to express their creativity and humor.
Social Commentary: The meme can also be seen as a form of social commentary, poking fun at societal norms and expectations around relationships and attraction. The image of the distracted boyfriend challenges traditional notions of monogamy and fidelity, making it a humorous and thought-provoking commentary on modern relationships.
Lighthearted and Playful: The distracted boyfriend meme is generally lighthearted and playful, making it a humorous and entertaining way to poke fun at everyday situations and the people in them. The meme’s playful nature allows people to laugh at themselves and the absurdity of life, making it a popular and enduring form of internet humor.
You give the 3 texts in json form.
e.g.
{{""text1"": ""Making Canada 51st State"", ""text2"": ""Trump"", ""text3"": ""USA""}}
OR
{{""text1"": ""New Task"", ""text2"": ""ME"", ""text3"": ""Previous tasks I havent finished""}}
Give me the 3 texts of this meme for something related to ","[{""h"":113,""w"":284,""x"":77,""y"":282,""font"":""impact"",""color"":""white"",""border"":""black""},{""h"":80,""w"":198,""x"":368,""y"":207,""font"":""impact"",""color"":""white"",""border"":""black""},{""h"":93,""w"":169,""x"":580,""y"":260,""font"":""impact"",""color"":""white"",""border"":""black""}]",true,,2024-12-23 02:58:25.109989+00,2024-12-23 02:58:25.109989+00,
